filename,true_text,predicted_text,correct,char_count,segments_found
002e23-0.png,002e23,002e23,True,6,6
00995l-0.png,00995l,009q5l,False,6,6
03yl9s-0.png,03yl9s,o3yl9s,False,6,6
03yuav5-0.png,03yuav5,03yuov5,False,7,7
03zl90-0.png,03zl90,03zl90,True,6,6
04zqohgi-0.png,04zqohgi,o4zquk9i,False,8,8
05htm-0.png,05htm,05htm,True,5,5
05pb-0.png,05pb,05pb,True,4,4
07oj-0.png,07oj,070j,False,4,4
07z0-0.png,07z0,07z0,True,4,4
08ft2e2z-0.png,08ft2e2z,q8fr2e2z,False,8,8
08lf-0.png,08lf,08lf,True,4,4
08nxd77-0.png,08nxd77,08r1xd77,False,7,8
08otejfi-0.png,08otejfi,08otejfi,True,8,8
08sba-0.png,08sba,08sb2,False,5,5
09popm-0.png,09popm,09popm,True,6,6
0a6pl1g-0.png,0a6pl1g,0a6pl1g,True,7,7
0a7sh2wp-0.png,0a7sh2wp,ohtjh2wl,False,8,8
0al4pl-0.png,0al4pl,02l40l,False,6,6
0c3dp-0.png,0c3dp,0c3dp,True,5,5
0c7mgdmd-0.png,0c7mgdmd,o07mgdmo,False,8,8
0chnm34-0.png,0chnm34,i0mn4,False,7,5
0cr6-0.png,0cr6,0ck,False,4,3
0dtjdlvt-0.png,0dtjdlvt,80tjdlut,False,8,8
0dx9-0.png,0dx9,0dx9,True,4,4
0fa6qtkn-0.png,0fa6qtkn,0ta6qtkxl,False,8,9
0fee-0.png,0fee,0f0q,False,4,4
0gil-0.png,0gil,0gl1,False,4,4
0h5ya8-0.png,0h5ya8,qh5ya8,False,6,6
0i7uom-0.png,0i7uom,0i7uom,True,6,6
0k2lyyc-0.png,0k2lyyc,0kayyc,False,7,6
0l10nwmz-0.png,0l10nwmz,0l70nwmz,False,8,8
0l1r-0.png,0l1r,8l18,False,4,4
0l8l2s-0.png,0l8l2s,0l8l2s,True,6,6
0lfjfob-0.png,0lfjfob,0mh,False,7,3
0lqk95h-0.png,0lqk95h,0lqkg5h,False,7,7
0mcp7jt-0.png,0mcp7jt,umch7jt,False,7,7
0me2a-0.png,0me2a,uome2a,False,5,6
0mgnhi-0.png,0mgnhi,omgwhi,False,6,6
0msl-0.png,0msl,0msl,True,4,4
0n5546-0.png,0n5546,0n5546,True,6,6
0nq0e-0.png,0nq0e,0nq0e,True,5,5
0ntf-0.png,0ntf,0nif,False,4,4
0nucs59-0.png,0nucs59,qnucs59,False,7,7
0pglswc-0.png,0pglswc,0pgl8wc,False,7,7
0pv2w1t-0.png,0pv2w1t,0pv2wlt,False,7,7
0q2tywyt-0.png,0q2tywyt,0q2tywyt,True,8,8
0rlbarm-0.png,0rlbarm,0rlbarm,True,7,7
0rq9qn-0.png,0rq9qn,0rqgq0,False,6,6
0s2rn2o-0.png,0s2rn2o,052an20,False,7,7
0sia-0.png,0sia,osia,False,4,4
0sm8cb4c-0.png,0sm8cb4c,osm8cb4c,False,8,8
0ta7lh92-0.png,0ta7lh92,0ta7lh92,True,8,8
0tbe-0.png,0tbe,otse,False,4,4
0u0y5-0.png,0u0y5,0u0y5,True,5,5
0u4aj-0.png,0u4aj,0u4aj,True,5,5
0v4o0p-0.png,0v4o0p,0pro0p,False,6,6
0vug13-0.png,0vug13,0vu613,False,6,6
0w0pankd-0.png,0w0pankd,0wopankd,False,8,8
0wla-0.png,0wla,0uf,False,4,3
0wy4otel-0.png,0wy4otel,0wy4otel,True,8,8
0yoxyw5-0.png,0yoxyw5,0yoxyw5,True,7,7
0z6u3-0.png,0z6u3,0z6u3,True,5,5
11nm-0.png,11nm,11nm,True,4,4
1324mrg-0.png,1324mrg,l324mrg,False,7,7
13be3kf-0.png,13be3kf,l3be3kf,False,7,7
13bsgn2-0.png,13bsgn2,aaes2n2,False,7,7
13v4msh-0.png,13v4msh,13v4msh,True,7,7
18gg-0.png,18gg,18gg,True,4,4
19hz-0.png,19hz,19hz,True,4,4
1asdyrv-0.png,1asdyrv,1asdyrv,True,7,7
1avc-0.png,1avc,1avc,True,4,4
1awqu-0.png,1awqu,1awqu,True,5,5
1bu55hc-0.png,1bu55hc,18u5shc,False,7,7
1c3bl3zm-0.png,1c3bl3zm,1l3bh7jzm,False,8,9
1cfa40wy-0.png,1cfa40wy,lcfa40wy,False,8,8
1ctc5l-0.png,1ctc5l,tmh,False,6,3
1dhcacd-0.png,1dhcacd,1dhcacd,True,7,7
1dy0p-0.png,1dy0p,1dy0b,False,5,5
1ed0i9xz-0.png,1ed0i9xz,1qd0lgxz,False,8,8
1ewgub4-0.png,1ewgub4,lew6ub4,False,7,7
1ewq-0.png,1ewq,1ey0,False,4,4
1fh4thm-0.png,1fh4thm,lfh4thm,False,7,7
1gbu5qus-0.png,1gbu5qus,1g8u6quq,False,8,8
1hfm-0.png,1hfm,1hfn,False,4,4
1imwt-0.png,1imwt,1imwt,True,5,5
1j2xhu-0.png,1j2xhu,1j2xhu,True,6,6
1j4109-0.png,1j4109,1j4109,True,6,6
1ku9bzoy-0.png,1ku9bzoy,1ku9bzoy,True,8,8
1lrn-0.png,1lrn,1lan,False,4,4
1mrffz-0.png,1mrffz,lmrffz,False,6,6
1mwa-0.png,1mwa,1mwa,True,4,4
1nyd-0.png,1nyd,lnyd,False,4,4
1qp4886m-0.png,1qp4886m,1qp4886m,True,8,8
1rhud8rx-0.png,1rhud8rx,kwudmx,False,8,6
1sll9-0.png,1sll9,isllq,False,5,5
1tyn-0.png,1tyn,1tyn,True,4,4
1ulul-0.png,1ulul,7ulul,False,5,5
1wiynjx2-0.png,1wiynjx2,1y1xajx2,False,8,8
1wu0cul-0.png,1wu0cul,1lu1j0cul,False,7,9
1x44n7nx-0.png,1x44n7nx,1x44n7nx,True,8,8
1x8ljpi-0.png,1x8ljpi,1x8cjpi,False,7,7
1xut0w4-0.png,1xut0w4,lxut0w4,False,7,7
20ka8wmo-0.png,20ka8wmo,20ka8wm0,False,8,8
220ofgki-0.png,220ofgki,228rof9vv5t,False,8,11
23osam-0.png,23osam,23osam,True,6,6
24ldbq3f-0.png,24ldbq3f,24ldbq3f,True,8,8
24yos85-0.png,24yos85,24yosg5,False,7,7
265qfy-0.png,265qfy,265qfy,True,6,6
26pw3-0.png,26pw3,26pw3,True,5,5
273u-0.png,273u,273u,True,4,4
27hibrae-0.png,27hibrae,osli8xoe,False,8,8
29bgk-0.png,29bgk,29bqk,False,5,5
2aidl-0.png,2aidl,2aidl,True,5,5
2bdh-0.png,2bdh,2bdh,True,4,4
2bjj1pos-0.png,2bjj1pos,2bjl1pos,False,8,8
2c5ol-0.png,2c5ol,2c50l,False,5,5
2cteaog-0.png,2cteaog,2cteadg,False,7,7
2d76-0.png,2d76,2d76,True,4,4
2doqj-0.png,2doqj,2ooqj,False,5,5
2ennujkj-0.png,2ennujkj,2ennujkj,True,8,8
2flvu7n-0.png,2flvu7n,2flvu7n,True,7,7
2fxuos-0.png,2fxuos,2fxuos,True,6,6
2fyohm-0.png,2fyohm,gllfyrolllm,False,6,11
2gblw7-0.png,2gblw7,26blgj7,False,6,7
2gqulnll-0.png,2gqulnll,2cqulnll,False,8,8
2gslhci-0.png,2gslhci,2l0slhcj,False,7,8
2k1xlp-0.png,2k1xlp,2k1xlp,True,6,6
2llyxsn-0.png,2llyxsn,2llyhsn,False,7,7
2lulzl-0.png,2lulzl,2lulzl,True,6,6
2lzly-0.png,2lzly,2lzly,True,5,5
2mo9qj39-0.png,2mo9qj39,2mo9qj39,True,8,8
2mvjsa-0.png,2mvjsa,2mvjsa,True,6,6
2n2lt3lx-0.png,2n2lt3lx,2n2lt3lx,True,8,8
2njlt4-0.png,2njlt4,2njlx4,False,6,6
2o6f-0.png,2o6f,2o6f,True,4,4
2oa73-0.png,2oa73,2oa73,True,5,5
2oy2f9-0.png,2oy2f9,2oy2f9,True,6,6
2p6wwybk-0.png,2p6wwybk,2p6wwybk,True,8,8
2qhqtv2-0.png,2qhqtv2,2qihjqiziar2,False,7,12
2rs4jvyr-0.png,2rs4jvyr,2rsqjuyr,False,8,8
2sp9gvbi-0.png,2sp9gvbi,2sp9gvbl,False,8,8
2sxkz2vj-0.png,2sxkz2vj,2sxkz2uj,False,8,8
2t02x-0.png,2t02x,2t02x,True,5,5
2txh8-0.png,2txh8,2txh8,True,5,5
2tyw3-0.png,2tyw3,2tm5,False,5,4
2u6t6-0.png,2u6t6,206t6,False,5,5
2v2n13je-0.png,2v2n13je,2v2n13je,True,8,8
2vapwy-0.png,2vapwy,2vapwy,True,6,6
2w02hm0-0.png,2w02hm0,2w02hm0,True,7,7
2x7qps0-0.png,2x7qps0,2x7qpi0,False,7,7
2y11w-0.png,2y11w,n11w,False,5,4
2y43vf-0.png,2y43vf,2yua2af,False,6,7
2ybig03-0.png,2ybig03,2ybig03,True,7,7
2yjlz-0.png,2yjlz,2yjlz,True,5,5
2yqdk-0.png,2yqdk,2yqdk,True,5,5
2zkfhs1n-0.png,2zkfhs1n,2zkfhs1a,False,8,8
2zs3-0.png,2zs3,2zs3,True,4,4
30rju0c-0.png,30rju0c,30du0c,False,7,6
31qylq-0.png,31qylq,31qylq,True,6,6
327gm-0.png,327gm,327gm,True,5,5
32evcjk8-0.png,32evcjk8,32eyc2b0,False,8,8
32llr-0.png,32llr,32llr,True,5,5
345ar-0.png,345ar,345ar,True,5,5
35av6-0.png,35av6,35av6,True,5,5
36ev8oi-0.png,36ev8oi,36ev8oi,True,7,7
379cfumx-0.png,379cfumx,3p9cfumh,False,8,8
386h7-0.png,386h7,386h7,True,5,5
38v2mv-0.png,38v2mv,30y2my,False,6,6
39fyn9-0.png,39fyn9,39fyn9,True,6,6
39uww47-0.png,39uww47,39uww47,True,7,7
3aa8-0.png,3aa8,3ao8,False,4,4
3aut4-0.png,3aut4,3aut4,True,5,5
3c0l-0.png,3c0l,xw,False,4,2
3e006-0.png,3e006,mdo6,False,5,4
3easf-0.png,3easf,3e8f,False,5,4
3eyys-0.png,3eyys,3eyys,True,5,5
3flp3ljj-0.png,3flp3ljj,j7fjpo7lvvvrrijj,False,8,16
3fv5o-0.png,3fv5o,3tv5q,False,5,5
3g34h-0.png,3g34h,3d4h,False,5,4
3g79jlr-0.png,3g79jlr,3g79jlr,True,7,7
3h09-0.png,3h09,3409,False,4,4
3ia0oel-0.png,3ia0oel,3aqel,False,7,5
3ido1q0-0.png,3ido1q0,3ido1q0,True,7,7
3j61hll-0.png,3j61hll,jj61l1ll,False,7,8
3ll4-0.png,3ll4,3h4,False,4,3
3lsrj-0.png,3lsrj,3lrj,False,5,4
3ltl6jon-0.png,3ltl6jon,3ltl6j0n,False,8,8
3m22-0.png,3m22,3m22,True,4,4
3mlhaz-0.png,3mlhaz,3nwr,False,6,4
3mtklt8z-0.png,3mtklt8z,3mtk1t8z,False,8,8
3n6o-0.png,3n6o,3k0,False,4,3
3nnz7pka-0.png,3nnz7pka,wnz7m,False,8,5
3nw0pr-0.png,3nw0pr,3nwopr,False,6,6
3ov5w-0.png,3ov5w,3ovsw,False,5,5
3oznefk-0.png,3oznefk,30znefk,False,7,7
3psc-0.png,3psc,3p5c,False,4,4
3q9kl33x-0.png,3q9kl33x,2q9kl32x,False,8,8
3r677-0.png,3r677,3r677,True,5,5
3sf2j-0.png,3sf2j,3sf2j,True,5,5
3sl0de-0.png,3sl0de,3sl0dc,False,6,6
3smhli-0.png,3smhli,3smhli,True,6,6
3v02-0.png,3v02,3v02,True,4,4
3v1p-0.png,3v1p,3v1p,True,4,4
3vslm-0.png,3vslm,3vslm,True,5,5
3w4cxb4-0.png,3w4cxb4,3w4vcxb4,False,7,8
3wif-0.png,3wif,jwv,False,4,3
3wpp-0.png,3wpp,3wpp,True,4,4
3y9sdh-0.png,3y9sdh,3y96dh,False,6,6
3ymowwi-0.png,3ymowwi,3ymowwl,False,7,7
3yyklwn-0.png,3yyklwn,3yymlwn,False,7,7
3za8zi-0.png,3za8zi,3za8zi,True,6,6
40q5v7l2-0.png,40q5v7l2,40q5v7l2,True,8,8
40rw5-0.png,40rw5,4orw5,False,5,5
40zs1-0.png,40zs1,g0zs1,False,5,5
42fs-0.png,42fs,47l2fs,False,4,6
42g6nro-0.png,42g6nro,y2g6qao,False,7,7
438j245-0.png,438j245,y38i245,False,7,7
43uquhed-0.png,43uquhed,43uquhed,True,8,8
45weu-0.png,45weu,4sljmj,False,5,6
48nd6j-0.png,48nd6j,48nd6j,True,6,6
48qgg4t-0.png,48qgg4t,48qg64t,False,7,7
4943m-0.png,4943m,4g4gm,False,5,5
49uqb-0.png,49uqb,4ynj9,False,5,5
4azbsnf4-0.png,4azbsnf4,44z8snf4,False,8,8
4b3eze4x-0.png,4b3eze4x,ydjeze1x,False,8,8
4bsoa-0.png,4bsoa,4bsoa,True,5,5
4bvb5-0.png,4bvb5,4bvb5,True,5,5
4bzcur8r-0.png,4bzcur8r,48zcur8r,False,8,8
4cjt-0.png,4cjt,4cjt,True,4,4
4cyx-0.png,4cyx,4cyx,True,4,4
4d3bh-0.png,4d3bh,1hl,False,5,3
4d6ddrc-0.png,4d6ddrc,4d6ddrc,True,7,7
4dbe-0.png,4dbe,4dbe,True,4,4
4drah-0.png,4drah,8dpah,False,5,5
4dxxn2-0.png,4dxxn2,4dxxn2,True,6,6
4dzwx-0.png,4dzwx,qd2wx,False,5,5
4eb0ys-0.png,4eb0ys,4eb0ys,True,6,6
4edetz3-0.png,4edetz3,4edetz3,True,7,7
4erp-0.png,4erp,asrs,False,4,4
4fxwgg4-0.png,4fxwgg4,4fxwgq4,False,7,7
4g453z3p-0.png,4g453z3p,4g4s3z3p,False,8,8
4gbj3dq-0.png,4gbj3dq,4gb33dq,False,7,7
4ggz8z-0.png,4ggz8z,4ssz8z,False,6,6
4hdb-0.png,4hdb,4hdb,True,4,4
4hjvpr-0.png,4hjvpr,4hjvpr,True,6,6
4howdgcj-0.png,4howdgcj,4howdgcj,True,8,8
4hqru-0.png,4hqru,4hqru,True,5,5
4hty698-0.png,4hty698,4hty6a8,False,7,7
4hycg-0.png,4hycg,4hyc6,False,5,5
4ina3nwq-0.png,4ina3nwq,4irii1a3rii1wq,False,8,14
4jyag-0.png,4jyag,41yag,False,5,5
4khjkel-0.png,4khjkel,4wxl,False,7,4
4kw6xv-0.png,4kw6xv,4kw6xv,True,6,6
4lg11-0.png,4lg11,4lg11,True,5,5
4lkb-0.png,4lkb,4lhb,False,4,4
4ll943lc-0.png,4ll943lc,tthk3lc,False,8,7
4mby0ex-0.png,4mby0ex,4mby0ex,True,7,7
4n6z-0.png,4n6z,4a6z,False,4,4
4nilkw-0.png,4nilkw,toitkw,False,6,6
4nt8w-0.png,4nt8w,4nt8w,True,5,5
4o2pd-0.png,4o2pd,402pd,False,5,5
4o2s-0.png,4o2s,4o2s,True,4,4
4ofpfnr-0.png,4ofpfnr,4offfrlt7,False,7,9
4otur3lm-0.png,4otur3lm,4otur3lm,True,8,8
4ox0xwz-0.png,4ox0xwz,4oxoxwz,False,7,7
4pz2t1zb-0.png,4pz2t1zb,ypz2t1zb,False,8,8
4rlub61-0.png,4rlub61,4rw61,False,7,5
4sc9-0.png,4sc9,4sc9,True,4,4
4sotv-0.png,4sotv,e1s0tv,False,5,6
4vzdt-0.png,4vzdt,4vzdt,True,5,5
4w2d1-0.png,4w2d1,422dl,False,5,5
4wqu-0.png,4wqu,4wqu,True,4,4
4y8soox-0.png,4y8soox,hy8s0ox,False,7,7
4zr0ay-0.png,4zr0ay,4z70ay,False,6,6
505bfqaw-0.png,505bfqaw,s05bf4ml,False,8,8
50qszg-0.png,50qszg,5nqszq,False,6,6
51tm1m-0.png,51tm1m,51tnl1nl,False,6,8
52cr-0.png,52cr,r2cr,False,4,4
5541y-0.png,5541y,5541y,True,5,5
56zqhv-0.png,56zqhv,5bzqhv,False,6,6
57aktxh-0.png,57aktxh,57aktxh,True,7,7
57l7ozfm-0.png,57l7ozfm,57l70zfm,False,8,8
57mwra-0.png,57mwra,s7mwra,False,6,6
57z6amy5-0.png,57z6amy5,57zeamv5,False,8,8
58vxyzo-0.png,58vxyzo,58vxyz0,False,7,7
59cjavrg-0.png,59cjavrg,59cjavrg,True,8,8
5ao2-0.png,5ao2,5ao2,True,4,4
5ax4gqv8-0.png,5ax4gqv8,sax46qv8,False,8,8
5bsl06-0.png,5bsl06,5hsl06,False,6,6
5buf-0.png,5buf,5buc,False,4,4
5bv9m-0.png,5bv9m,5bvgm,False,5,5
5d7659-0.png,5d7659,6y7o59,False,6,6
5dhl0wds-0.png,5dhl0wds,8dhl0wds,False,8,8
5e8nthf-0.png,5e8nthf,sre8n4hf5,False,7,9
5ew8rwby-0.png,5ew8rwby,5ew8rwby,True,8,8
5fh6qvjv-0.png,5fh6qvjv,sfw6qvjv,False,8,8
5fx3r3h-0.png,5fx3r3h,5fl1r3n,False,7,7
5g22f-0.png,5g22f,s622f,False,5,5
5g3zxw6n-0.png,5g3zxw6n,5g3zxw6n3,False,8,9
5gnom-0.png,5gnom,5gq0m,False,5,5
5gxru5c-0.png,5gxru5c,sghrusc,False,7,7
5hquho-0.png,5hquho,5hquho,True,6,6
5iyp-0.png,5iyp,5iyn,False,4,4
5kag-0.png,5kag,5h3g,False,4,4
5klh-0.png,5klh,5klh,True,4,4
5lpve-0.png,5lpve,5ipve,False,5,5
5lqfxb-0.png,5lqfxb,5lafxb,False,6,6
5mi1hb-0.png,5mi1hb,5lt7ii1f1b,False,6,10
5nkkc244-0.png,5nkkc244,5llkkc2llll,False,8,11
5ns95-0.png,5ns95,5ns95,True,5,5
5qktumj-0.png,5qktumj,5qkrumj,False,7,7
5qzyntfq-0.png,5qzyntfq,5qzyntfq,True,8,8
5rc37-0.png,5rc37,5ny,False,5,3
5rnv1ah1-0.png,5rnv1ah1,5rnv1ah1,True,8,8
5rrvmra-0.png,5rrvmra,5rrvmra,True,7,7
5ry4908-0.png,5ry4908,5ry49ob,False,7,7
5u24m-0.png,5u24m,5u24m,True,5,5
5u5bn-0.png,5u5bn,4xn,False,5,3
5u6kf9x-0.png,5u6kf9x,su6kf9x,False,7,7
5umc-0.png,5umc,5uuc,False,4,4
5unc7-0.png,5unc7,sunc7,False,5,5
5unrn-0.png,5unrn,g9nfh,False,5,5
5unt2o-0.png,5unt2o,5unt2o,True,6,6
5wqfn9sb-0.png,5wqfn9sb,wqh4,False,8,4
5x53y583-0.png,5x53y583,5x53y583,True,8,8
5xdkm-0.png,5xdkm,5x0kn,False,5,5
5xg9-0.png,5xg9,5xg9,True,4,4
5xnhd3u-0.png,5xnhd3u,sxnhd3u,False,7,7
5yr6km-0.png,5yr6km,5yr6km,True,6,6
5z4z-0.png,5z4z,5z4z,True,4,4
5z9sa-0.png,5z9sa,5z9sa,True,5,5
5zlui1t-0.png,5zlui1t,5zlui1t,True,7,7
6046f2bl-0.png,6046f2bl,6046f2bl,True,8,8
60dmyc0q-0.png,60dmyc0q,60dmyc0q,True,8,8
60rk8nk7-0.png,60rk8nk7,6ork8nk7,False,8,8
61mxp8b-0.png,61mxp8b,6lmxp0b,False,7,7
62h2rq-0.png,62h2rq,62h2rq,True,6,6
63xk-0.png,63xk,63xk,True,4,4
63zdn-0.png,63zdn,622dn,False,5,5
640042-0.png,640042,640042,True,6,6
64alz-0.png,64alz,64alz,True,5,5
64q0-0.png,64q0,64q0,True,4,4
66qv60-0.png,66qv60,66qq60,False,6,6
66yeec0o-0.png,66yeec0o,66yeec00,False,8,8
674yz-0.png,674yz,674yz,True,5,5
6887qv-0.png,6887qv,6887qv,True,6,6
68nyv-0.png,68nyv,68a4u,False,5,5
69a27m-0.png,69a27m,69a27m,True,6,6
6b8qqt-0.png,6b8qqt,6b8qqt,True,6,6
6cn8khq-0.png,6cn8khq,gn8wq,False,7,5
6dr3-0.png,6dr3,vjvs,False,4,4
6e2y-0.png,6e2y,6e2y,True,4,4
6e8ky5vl-0.png,6e8ky5vl,6e8wsul,False,8,7
6gmo0yhp-0.png,6gmo0yhp,6gmo0yt1p,False,8,9
6i4pw-0.png,6i4pw,6i4pw,True,5,5
6ip3gj8w-0.png,6ip3gj8w,61p39j8w,False,8,8
6jeolrb-0.png,6jeolrb,6jeolrb,True,7,7
6jgczv-0.png,6jgczv,wv1,False,6,3
6k8o3yk-0.png,6k8o3yk,6y8c3yk,False,7,7
6l3x4ab2-0.png,6l3x4ab2,6l3x4ab2,True,8,8
6lkxo5-0.png,6lkxo5,6lkxo5,True,6,6
6mh8nbc-0.png,6mh8nbc,6mk8nbc,False,7,7
6nez-0.png,6nez,6nez,True,4,4
6nizx-0.png,6nizx,gxixx,False,5,5
6oqlrct-0.png,6oqlrct,6oqllct,False,7,7
6p9kg-0.png,6p9kg,6l9l6,False,5,5
6r2f1-0.png,6r2f1,6f2f1,False,5,5
6rnl-0.png,6rnl,6rnl,True,4,4
6rqy5-0.png,6rqy5,6rqy5,True,5,5
6rsm5vbv-0.png,6rsm5vbv,6rsm5v8v,False,8,8
6s82khq-0.png,6s82khq,6a82khq,False,7,7
6tpoxl-0.png,6tpoxl,6tpoxl,True,6,6
6u7o2j0-0.png,6u7o2j0,6ll7o2j0,False,7,8
6uc8lxm-0.png,6uc8lxm,6uc8lxm,True,7,7
6ud6o-0.png,6ud6o,8ud6e,False,5,5
6uj1k-0.png,6uj1k,6ujik,False,5,5
6umph5p0-0.png,6umph5p0,6umph5p0,True,8,8
6vt9-0.png,6vt9,6vt9,True,4,4
6xhz-0.png,6xhz,6xhz,True,4,4
6yjb6-0.png,6yjb6,6yjb6,True,5,5
6yub4j6-0.png,6yub4j6,6yub4j6,True,7,7
6ziffcz-0.png,6ziffcz,8ziffcz,False,7,7
70vh-0.png,70vh,70uh,False,4,4
71ultls-0.png,71ultls,71ultls,True,7,7
728h-0.png,728h,728h,True,4,4
72cr-0.png,72cr,72cr,True,4,4
72ok-0.png,72ok,72ok,True,4,4
72qrkw-0.png,72qrkw,72qrkw,True,6,6
74d5nqg7-0.png,74d5nqg7,74d5nqq,False,8,7
75jc4s-0.png,75jc4s,75jcx,False,6,5
765xos8-0.png,765xos8,76sxo58,False,7,7
78l9-0.png,78l9,78l9,True,4,4
797v-0.png,797v,797v,True,4,4
79coxr-0.png,79coxr,79cokr,False,6,6
79ioqkt-0.png,79ioqkt,79ioqkt,True,7,7
79kr-0.png,79kr,7gkz,False,4,4
79nl-0.png,79nl,79nl,True,4,4
7al8s1cr-0.png,7al8s1cr,7dhshr,False,8,6
7atr4vpn-0.png,7atr4vpn,7atr4vpn,True,8,8
7ch9mno-0.png,7ch9mno,77ch9nino,False,7,9
7d02g-0.png,7d02g,7d02g,True,5,5
7dfpwcv-0.png,7dfpwcv,7dfdmcu,False,7,7
7dp41-0.png,7dp41,7dp41,True,5,5
7dxl-0.png,7dxl,70xl,False,4,4
7e5o36h-0.png,7e5o36h,7eg036h,False,7,7
7f3t77yk-0.png,7f3t77yk,7q3t77yf,False,8,8
7f53hf-0.png,7f53hf,7fs8al1fs,False,6,9
7gdnfemv-0.png,7gdnfemv,7gdnfemv,True,8,8
7h0a-0.png,7h0a,7l1oa,False,4,5
7i1o5e3-0.png,7i1o5e3,7i1g523,False,7,7
7ib15-0.png,7ib15,7ib13,False,5,5
7juo675-0.png,7juo675,7juo67s,False,7,7
7llyl4h-0.png,7llyl4h,7llyl4hi,False,7,8
7n9jlm-0.png,7n9jlm,7a9z7lm,False,6,7
7olxc3k-0.png,7olxc3k,7olxc3k,True,7,7
7oq8-0.png,7oq8,7oq8,True,4,4
7q0agge-0.png,7q0agge,7q0a66e,False,7,7
7q0s9-0.png,7q0s9,7q0s9,True,5,5
7qbyo-0.png,7qbyo,7qbyo,True,5,5
7qz0lfx-0.png,7qz0lfx,7qz0lfx,True,7,7
7rhv9-0.png,7rhv9,7h2,False,5,3
7ro3nfy-0.png,7ro3nfy,mom,False,7,3
7tei-0.png,7tei,7tei,True,4,4
7udyuhg-0.png,7udyuhg,7upyuug,False,7,7
7uj27-0.png,7uj27,7ujc7,False,5,5
7uyg2l-0.png,7uyg2l,7uugal,False,6,6
7v1pp-0.png,7v1pp,7v1pp,True,5,5
7vseu-0.png,7vseu,7vseu,True,5,5
7xd9dnsu-0.png,7xd9dnsu,7wdoduiir,False,8,9
7xfza9sy-0.png,7xfza9sy,7xfza9sy,True,8,8
7y05t-0.png,7y05t,7y05t,True,5,5
7yd13j-0.png,7yd13j,7dfgl,False,6,5
7zhp-0.png,7zhp,7zhp,True,4,4
7zns-0.png,7zns,7zns,True,4,4
80fntlo-0.png,80fntlo,80fntl0,False,7,7
80qkq-0.png,80qkq,8qqkq,False,5,5
80xo-0.png,80xo,8oxa,False,4,4
81dbfmjt-0.png,81dbfmjt,81dbfmjt,True,8,8
81jv-0.png,81jv,81jv,True,4,4
825u-0.png,825u,nrnl,False,4,4
83ii1ma7-0.png,83ii1ma7,e3ii1m01,False,8,8
8437vw2-0.png,8437vw2,04j7v1ll2,False,7,9
845ios-0.png,845ios,8451e8,False,6,6
847n4v-0.png,847n4v,847n4v,True,6,6
857txd-0.png,857txd,85ii5ltxd,False,6,9
85yt3-0.png,85yt3,85yl2,False,5,5
86zf1-0.png,86zf1,86zf1,True,5,5
88do-0.png,88do,8800,False,4,4
88gtnpju-0.png,88gtnpju,88gtnpju,True,8,8
8954-0.png,8954,89s4,False,4,4
89uxia-0.png,89uxia,89uhf3,False,6,6
8a27-0.png,8a27,8a27,True,4,4
8cmn-0.png,8cmn,8cmn,True,4,4
8drskum-0.png,8drskum,8dlski1luu,False,7,10
8dz3-0.png,8dz3,8dz3,True,4,4
8ej7j-0.png,8ej7j,8ej7j,True,5,5
8eqthhxs-0.png,8eqthhxs,8eqwx,False,8,5
8f37hk9-0.png,8f37hk9,8fm7hk9,False,7,7
8fa95b-0.png,8fa95b,8fa94,False,6,5
8fh1jn7o-0.png,8fh1jn7o,8f5l11lfi717o,False,8,13
8fhur-0.png,8fhur,8fhur,True,5,5
8ga7-0.png,8ga7,8gx7,False,4,4
8gjjfa-0.png,8gjjfa,8gjjfa,True,6,6
8gs204ht-0.png,8gs204ht,8gs20qh1,False,8,8
8gti-0.png,8gti,8gti,True,4,4
8gvjbeg-0.png,8gvjbeg,8gvjbeg,True,7,7
8haa6hf-0.png,8haa6hf,8haa6n,False,7,6
8hr836-0.png,8hr836,8hb836,False,6,6
8jhd43-0.png,8jhd43,8jhdy3,False,6,6
8jmqsxc-0.png,8jmqsxc,8lmqsxc,False,7,7
8jqv6j-0.png,8jqv6j,8jqv6j,True,6,6
8jyb-0.png,8jyb,8jyb,True,4,4
8k5y2-0.png,8k5y2,8xsy2,False,5,5
8kpdpt-0.png,8kpdpt,8kpdpt,True,6,6
8m5k7-0.png,8m5k7,8rn5k7,False,5,6
8p2da-0.png,8p2da,8p20n,False,5,5
8py2-0.png,8py2,8py2,True,4,4
8ry9l4e-0.png,8ry9l4e,8ry9l4e,True,7,7
8s3cl-0.png,8s3cl,8s3cl,True,5,5
8sjkrn-0.png,8sjkrn,8syrn,False,6,5
8t95-0.png,8t95,8t95,True,4,4
8u7c6-0.png,8u7c6,ze7c6,False,5,5
8vj93y-0.png,8vj93y,dvjv3y,False,6,6
8vks9h-0.png,8vks9h,8vksqh,False,6,6
8vlq5ln-0.png,8vlq5ln,8vlqsln,False,7,7
8vs59cma-0.png,8vs59cma,0usg0ced,False,8,8
8vvo6nxj-0.png,8vvo6nxj,8vvo6nxj,True,8,8
8w853lv-0.png,8w853lv,8w853lv,True,7,7
8wcq-0.png,8wcq,8wcq,True,4,4
8xbs5m1-0.png,8xbs5m1,8xbs5m1,True,7,7
8y3quw-0.png,8y3quw,8y3quw,True,6,6
8y9a-0.png,8y9a,8y9a,True,4,4
8yelx3b2-0.png,8yelx3b2,04elx3b2,False,8,8
905l4de-0.png,905l4de,q0sl4de,False,7,7
916r-0.png,916r,916r,True,4,4
92itgl-0.png,92itgl,92ltgl,False,6,6
92mhb-0.png,92mhb,92mhb,True,5,5
93tlh-0.png,93tlh,93tlli,False,5,6
94k7yft-0.png,94k7yft,94k7yft,True,7,7
95j98se-0.png,95j98se,95j98se,True,7,7
95ticg-0.png,95ticg,95ticg,True,6,6
96wm-0.png,96wm,96wm,True,4,4
97vl-0.png,97vl,gpul,False,4,4
982zt-0.png,982zt,982zt,True,5,5
989gqi-0.png,989gqi,g8ggq0,False,6,6
98en60a-0.png,98en60a,gesn6oa,False,7,7
98kt9if-0.png,98kt9if,9s4egzf,False,7,7
98zdn-0.png,98zdn,982dn,False,5,5
9a8w-0.png,9a8w,9a8w,True,4,4
9abo-0.png,9abo,9abo,True,4,4
9b84c7sq-0.png,9b84c7sq,9884c7jq,False,8,8
9bf9-0.png,9bf9,9j9,False,4,3
9cd1r-0.png,9cd1r,9cd1r,True,5,5
9d6a-0.png,9d6a,go6a,False,4,4
9e1e5t3-0.png,9e1e5t3,9e7e5t3,False,7,7
9ecqisn-0.png,9ecqisn,gecqisn,False,7,7
9eub-0.png,9eub,9eub,True,4,4
9h7ucby-0.png,9h7ucby,9h7iljy,False,7,7
9ic2560-0.png,9ic2560,9ic2560,True,7,7
9jne-0.png,9jne,9jne,True,4,4
9jr3bv6-0.png,9jr3bv6,gjl3bv6,False,7,7
9k0r3u89-0.png,9k0r3u89,9kor3u89,False,8,8
9ko8gb7-0.png,9ko8gb7,qko8gb7,False,7,7
9koflf-0.png,9koflf,gjoflf,False,6,6
9kt2e50-0.png,9kt2e50,9kt2e5o,False,7,7
9ky868f-0.png,9ky868f,9ky868f,True,7,7
9l7bkna-0.png,9l7bkna,9l7bknq,False,7,7
9lv56clg-0.png,9lv56clg,9ls56oex,False,8,8
9o9vjrf-0.png,9o9vjrf,9o9vjre,False,7,7
9odszww-0.png,9odszww,0dszwu,False,7,6
9pzd05-0.png,9pzd05,9pz005,False,6,6
9q8et-0.png,9q8et,9q8et,True,5,5
9q8x5jar-0.png,9q8x5jar,9q3x50gr,False,8,8
9roi-0.png,9roi,9rol,False,4,4
9roz-0.png,9roz,9roz,True,4,4
9snz6yol-0.png,9snz6yol,9snz6yol,True,8,8
9tjryy-0.png,9tjryy,7tjryy,False,6,6
9tml6-0.png,9tml6,gtml6,False,5,5
9uto8-0.png,9uto8,9uto8,True,5,5
9uvr0ib-0.png,9uvr0ib,9iryi,False,7,5
9vvf-0.png,9vvf,gvvf,False,4,4
9w2kf6-0.png,9w2kf6,9w2kf6,True,6,6
9w7u-0.png,9w7u,qw7u,False,4,4
9x4a-0.png,9x4a,gx4a,False,4,4
9xawh3yg-0.png,9xawh3yg,w3yq,False,8,4
9xrjkpv3-0.png,9xrjkpv3,9zr7kpv3,False,8,8
9y4j9qb5-0.png,9y4j9qb5,9y4j9qb5,True,8,8
9ylh81c3-0.png,9ylh81c3,9y4w,False,8,4
a05d1v-0.png,a05d1v,205d1v,False,6,6
a078ls-0.png,a078ls,a078ls,True,6,6
a09mmm-0.png,a09mmm,a09mmm,True,6,6
a0p3v7-0.png,a0p3v7,2oqgv7,False,6,6
a0sp1ytr-0.png,a0sp1ytr,a0sp1ytr,True,8,8
a0vz-0.png,a0vz,a0vz,True,4,4
a3am-0.png,a3am,g3gm,False,4,4
a3lb-0.png,a3lb,a3lb,True,4,4
a4eer5-0.png,a4eer5,a4eer5,True,6,6
a6d6ejh-0.png,a6d6ejh,a6d6cjh,False,7,7
a7boq-0.png,a7boq,a7b0q,False,5,5
a7hna-0.png,a7hna,a7hna,True,5,5
a7nft-0.png,a7nft,a7ntt,False,5,5
a9wr-0.png,a9wr,a9wa,False,4,4
ab3t-0.png,ab3t,ab3t,True,4,4
abkn-0.png,abkn,aekn,False,4,4
ac0k2ac-0.png,ac0k2ac,ac0k2ac,True,7,7
acukt0vo-0.png,acukt0vo,acyktovo,False,8,8
adjw-0.png,adjw,adjw,True,4,4
aettyxdl-0.png,aettyxdl,oeytykdl,False,8,8
aeylheco-0.png,aeylheco,aeylheh,False,8,7
af5tfh-0.png,af5tfh,af5tfh,True,6,6
affv2-0.png,affv2,affv2,True,5,5
ag2hnuw4-0.png,ag2hnuw4,ae28nuwv,False,8,8
ah9z-0.png,ah9z,ah9z,True,4,4
ahmw48r0-0.png,ahmw48r0,dmwm,False,8,4
ahpho-0.png,ahpho,rtkptk0,False,5,7
ai6j7gu-0.png,ai6j7gu,ai6i7gu,False,7,7
airp-0.png,airp,axapuu,False,4,6
aiu0q3n5-0.png,aiu0q3n5,aiu0q3n5,True,8,8
aiwh-0.png,aiwh,azwr,False,4,4
aj0w0o-0.png,aj0w0o,alowoo,False,6,6
ajej-0.png,ajej,ajej,True,4,4
ajst-0.png,ajst,ajsl,False,4,4
akc39-0.png,akc39,aac39,False,5,5
akf8ol-0.png,akf8ol,al4f8ol,False,6,7
al0n8u7a-0.png,al0n8u7a,al0n8u1a,False,8,8
al5oidta-0.png,al5oidta,al5oidta,True,8,8
al9teh-0.png,al9teh,al9teh,True,6,6
alj0qd-0.png,alj0qd,alj0qd,True,6,6
am1jamnx-0.png,am1jamnx,an27iljannx,False,8,11
am3zutsp-0.png,am3zutsp,am3zutsp,True,8,8
ambcqo-0.png,ambcqo,ambcqo,True,6,6
angpr-0.png,angpr,angpr,True,5,5
aogwhj3y-0.png,aogwhj3y,aogwhj3y,True,8,8
aotaaj-0.png,aotaaj,aotaaj,True,6,6
aova-0.png,aova,oovo,False,4,4
ap7v1co5-0.png,ap7v1co5,ap7v7co5,False,8,8
apf9kx-0.png,apf9kx,aecarux,False,6,7
apl94-0.png,apl94,apj94,False,5,5
aqq8-0.png,aqq8,tqqa,False,4,4
asdrpxpf-0.png,asdrpxpf,8edrphpf,False,8,8
ati99er-0.png,ati99er,afi99er,False,7,7
atwip0-0.png,atwip0,atwlp0,False,6,6
aumb-0.png,aumb,3he,False,4,3
aup1v-0.png,aup1v,aup1v,True,5,5
awsb9h-0.png,awsb9h,awsb98,False,6,6
axiy-0.png,axiy,ax1y,False,4,4
aybws-0.png,aybws,aybws,True,5,5
azcl8sm-0.png,azcl8sm,azcl8s5m,False,7,8
b10cjyh5-0.png,b10cjyh5,blocjyh5,False,8,8
b30srp-0.png,b30srp,83osrp,False,6,6
b359qg64-0.png,b359qg64,b359qg64,True,8,8
b37if3k-0.png,b37if3k,837if3k,False,7,7
b3okru3-0.png,b3okru3,b3okru3,True,7,7
b45vlav3-0.png,b45vlav3,b4sv1av3,False,8,8
b4bo0u-0.png,b4bo0u,b4b0ou,False,6,6
b4dmm-0.png,b4dmm,e44mv,False,5,5
b4gvghd-0.png,b4gvghd,b4gugh0,False,7,7
b842ks-0.png,b842ks,bq42ks,False,6,6
b9opk-0.png,b9opk,b9opk,True,5,5
bayvlbf-0.png,bayvlbf,do0ylbf,False,7,7
bc8nk-0.png,bc8nk,8c8nk,False,5,5
be1nxzo-0.png,be1nxzo,2l3lnhz2,False,7,8
be5bvz-0.png,be5bvz,be5bvz,True,6,6
berxkmm-0.png,berxkmm,berxkmm,True,7,7
bf90d36-0.png,bf90d36,bfqc086,False,7,7
bg2l-0.png,bg2l,bg2l,True,4,4
bgre1-0.png,bgre1,b9fel,False,5,5
bh8fm4-0.png,bh8fm4,bli8brn4l,False,6,9
bi4tclt-0.png,bi4tclt,ll1tcll,False,7,7
bilfoyvf-0.png,bilfoyvf,w8lf0yuq,False,8,8
bkgkg-0.png,bkgkg,bkekg,False,5,5
bksz4-0.png,bksz4,bksz4,True,5,5
ble2-0.png,ble2,ele2,False,4,4
bms2xok-0.png,bms2xok,bms2xck,False,7,7
bof0-0.png,bof0,boe0,False,4,4
borm8q-0.png,borm8q,b0rm8q,False,6,6
botts4p-0.png,botts4p,botts4p,True,7,7
bpc5hioe-0.png,bpc5hioe,bpc5tlioe,False,8,9
bpqy-0.png,bpqy,bpqy,True,4,4
br70-0.png,br70,bn0,False,4,3
bs8pvh-0.png,bs8pvh,8s8pvh,False,6,6
bsmh-0.png,bsmh,bsmh,True,4,4
btzh-0.png,btzh,8tzh,False,4,4
bwkx-0.png,bwkx,bwkx,True,4,4
by0nq5-0.png,by0nq5,6yqqq5,False,6,6
bzb9o8f7-0.png,bzb9o8f7,8z89o8f7,False,8,8
bzx-0.png,bzx,bzx,True,3,3
c0u7m-0.png,c0u7m,c0v7m,False,5,5
c1dq8-0.png,c1dq8,c1dq8,True,5,5
c1ja0-0.png,c1ja0,c1ja0,True,5,5
c3mh-0.png,c3mh,c3mh,True,4,4
c56kq-0.png,c56kq,c56kq,True,5,5
c5lbod-0.png,c5lbod,05lb0d,False,6,6
c61s-0.png,c61s,c615,False,4,4
c8egw6f-0.png,c8egw6f,08egw6f,False,7,7
c8llpq3q-0.png,c8llpq3q,c8llpoaq,False,8,8
c9azl-0.png,c9azl,c9a2l,False,5,5
cb0zfw-0.png,cb0zfw,c80zfw,False,6,6
cc8am3d-0.png,cc8am3d,cc8am3d,True,7,7
ccd2k-0.png,ccd2k,ccd2ll,False,5,6
ccmk-0.png,ccmk,ccmk,True,4,4
ccphknh-0.png,ccphknh,ccphknh,True,7,7
cczqr7m-0.png,cczqr7m,cczqw7m,False,7,7
cd2h9-0.png,cd2h9,cd2hq,False,5,5
cd7zah-0.png,cd7zah,cd7zah,True,6,6
cdavw-0.png,cdavw,cdavw,True,5,5
cdlw-0.png,cdlw,ldlw,False,4,4
cell0l6c-0.png,cell0l6c,cellol6c,False,8,8
cezc6r9-0.png,cezc6r9,cezc6r9,True,7,7
cfqgi-0.png,cfqgi,cfq6l,False,5,5
cg16-0.png,cg16,cg16,True,4,4
chle6v3-0.png,chle6v3,ct4le6v3,False,7,8
chs2l-0.png,chs2l,chi2i,False,5,5
ci2yg-0.png,ci2yg,clpug,False,5,5
ci82-0.png,ci82,ci82,True,4,4
ck2pg9-0.png,ck2pg9,ck2pg9,True,6,6
ckowcc3w-0.png,ckowcc3w,ckowcciw,False,8,8
ckxl-0.png,ckxl,ckxl,True,4,4
clc43-0.png,clc43,clc43,True,5,5
cle3tm-0.png,cle3tm,ccs3tm,False,6,6
clivi-0.png,clivi,alivi,False,5,5
cllxax-0.png,cllxax,cllxax,True,6,6
clsev-0.png,clsev,chee,False,5,4
clzjhlz-0.png,clzjhlz,clzljl1lz,False,7,9
cnm7d0b-0.png,cnm7d0b,cnm7z0b,False,7,7
cnr0n-0.png,cnr0n,cnron,False,5,5
co6pmuf-0.png,co6pmuf,co6pmuf,True,7,7
cpkb0lun-0.png,cpkb0lun,cpkbolun,False,8,8
cpuanl-0.png,cpuanl,cpuanl,True,6,6
cq4xj-0.png,cq4xj,cqy1j,False,5,5
ctwvndf2-0.png,ctwvndf2,ggwvndf2,False,8,8
ctyged6-0.png,ctyged6,ct4ged6,False,7,7
cukg-0.png,cukg,cukg,True,4,4
cuygj9-0.png,cuygj9,cu76j1,False,6,6
cvlz-0.png,cvlz,cvlx,False,4,4
cvrclgjk-0.png,cvrclgjk,cvrclgjk,True,8,8
cwtje-0.png,cwtje,2h16,False,5,4
cwwtxxdn-0.png,cwwtxxdn,cwwtxx0n,False,8,8
cxttv-0.png,cxttv,cxttv,True,5,5
cy02lz06-0.png,cy02lz06,cyozlzo6,False,8,8
czffkx6k-0.png,czffkx6k,czffkx6k,True,8,8
d0ughk-0.png,d0ughk,douchk,False,6,6
d17ywl-0.png,d17ywl,011ywl,False,6,6
d1p4-0.png,d1p4,d1n4,False,4,4
d3badth-0.png,d3badth,d3badxh,False,7,7
d4ag-0.png,d4ag,d4ag,True,4,4
d4ls-0.png,d4ls,d4ls,True,4,4
d5xs9bnn-0.png,d5xs9bnn,d5xs9bnn,True,8,8
d5y0-0.png,d5y0,05v0,False,4,4
d6jceo-0.png,d6jceo,dfjllo,False,6,6
d6llogll-0.png,d6llogll,d6llogll,True,8,8
d7tnt-0.png,d7tnt,d7tnt,True,5,5
d9bb-0.png,d9bb,d9bb,True,4,4
d9dpyu-0.png,d9dpyu,d9dpyu,True,6,6
dbhfyd-0.png,dbhfyd,oawi1o,False,6,6
dbj0x5-0.png,dbj0x5,dbjo1y5,False,6,7
dbs1ca45-0.png,dbs1ca45,o8s1ca45,False,8,8
ddq99w-0.png,ddq99w,ddq99w,True,6,6
dew2un6t-0.png,dew2un6t,dew2un6t,True,8,8
df4i-0.png,df4i,dvf4i,False,4,5
dfzr1-0.png,dfzr1,dfzr1,True,5,5
dhgx-0.png,dhgx,dksx,False,4,4
dhol0-0.png,dhol0,dfi1ol0,False,5,7
difuege-0.png,difuege,difuege,True,7,7
diisew16-0.png,diisew16,d1ise5w16,False,8,9
djvh-0.png,djvh,djvh,True,4,4
dkpffz3i-0.png,dkpffz3i,dkprtz3l,False,8,8
dl32zbu-0.png,dl32zbu,df3zzbu,False,7,7
dl8w71-0.png,dl8w71,8l8w7l,False,6,6
dlsvh5cr-0.png,dlsvh5cr,dlsvh5cr,True,8,8
dlu4-0.png,dlu4,dlu4,True,4,4
dm6ocdl-0.png,dm6ocdl,dm60cdl,False,7,7
dmvd-0.png,dmvd,dmvd,True,4,4
dnhr6-0.png,dnhr6,bnhr6,False,5,5
dnstkc6-0.png,dnstkc6,dnstkc6,True,7,7
do05fv7a-0.png,do05fv7a,d0o5fv7a,False,8,8
dogbl-0.png,dogbl,dogbl,True,5,5
dooeac1-0.png,dooeac1,dooeac1,True,7,7
dp8vc-0.png,dp8vc,dp8vc,True,5,5
dpsf5sd-0.png,dpsf5sd,dpsf5sd,True,7,7
dqd8-0.png,dqd8,dqd8,True,4,4
dr1f-0.png,dr1f,dr1f,True,4,4
dsgzv-0.png,dsgzv,ds62v,False,5,5
dstb9ae-0.png,dstb9ae,0stb9ae,False,7,7
dt1mwp-0.png,dt1mwp,dt1rt1wp,False,6,8
dxyz-0.png,dxyz,0xyz,False,4,4
dydqsftd-0.png,dydqsftd,dydqsftd,True,8,8
dyfbv-0.png,dyfbv,d2yfbv,False,5,6
dzc50dkp-0.png,dzc50dkp,o2csookp,False,8,8
dzjzg-0.png,dzjzg,dnjzg,False,5,5
e00bl0u-0.png,e00bl0u,e00bl0u,True,7,7
e00wlndt-0.png,e00wlndt,e00wlndt,True,8,8
e2yb5pxs-0.png,e2yb5pxs,e20o5885,False,8,8
e3zwtu-0.png,e3zwtu,e3zwtu,True,6,6
e6n2vwe-0.png,e6n2vwe,e6n2uwe,False,7,7
e6pbcz1k-0.png,e6pbcz1k,e6pbcz1k,True,8,8
e6ty48q-0.png,e6ty48q,e6ty48q,True,7,7
e72avg8-0.png,e72avg8,e72avc8,False,7,7
e7r7op0-0.png,e7r7op0,51ryo2o,False,7,7
e8diuj9-0.png,e8diuj9,e8diuig,False,7,7
e9gjyd6l-0.png,e9gjyd6l,e9gjy06l,False,8,8
e9ho-0.png,e9ho,eqhq,False,4,4
eapsj-0.png,eapsj,eapir,False,5,5
eaqhlka4-0.png,eaqhlka4,eaql1lka4,False,8,9
ecvjeott-0.png,ecvjeott,ecvieott,False,8,8
eeaveky-0.png,eeaveky,eeavext,False,7,7
efzjeuuy-0.png,efzjeuuy,efzjeuuy,True,8,8
ehk38u-0.png,ehk38u,orkssu,False,6,6
ehnskhzj-0.png,ehnskhzj,ehqs1l1lz1,False,8,10
ejpc940k-0.png,ejpc940k,tjdcqu0k,False,8,8
ek0ky-0.png,ek0ky,ek0kv,False,5,5
elavx3-0.png,elavx3,elavx3,True,6,6
emvs-0.png,emvs,cmvs,False,4,4
eoivh-0.png,eoivh,loijh,False,5,5
eq94jj-0.png,eq94jj,eq94jj,True,6,6
eq9vn3-0.png,eq9vn3,eq9vn3,True,6,6
eqenl-0.png,eqenl,eqenl,True,5,5
eqyl-0.png,eqyl,eqyl,True,4,4
ermoo4-0.png,ermoo4,etlnoo4,False,6,7
es1kt-0.png,es1kt,e51x1,False,5,5
esay1v9-0.png,esay1v9,esay1vq,False,7,7
essl-0.png,essl,essl,True,4,4
etfjev-0.png,etfjev,etfjev,True,6,6
euup-0.png,euup,euup,True,4,4
evk9e1aa-0.png,evk9e1aa,evk9e12a,False,8,8
ew2ll-0.png,ew2ll,cw2ll,False,5,5
ewikf-0.png,ewikf,ewikf,True,5,5
ex2xa-0.png,ex2xa,2x2xa,False,5,5
exig-0.png,exig,exig,True,4,4
exz3r1y4-0.png,exz3r1y4,exz3r1y4,True,8,8
exz3zl-0.png,exz3zl,exz3zl,True,6,6
ey72-0.png,ey72,ey72,True,4,4
eyk2zn9l-0.png,eyk2zn9l,eyk2zn4l,False,8,8
eyqul0-0.png,eyqul0,eyqul0,True,6,6
ez5h-0.png,ez5h,ez5h,True,4,4
eznvbmw-0.png,eznvbmw,eznvbmw,True,7,7
f149-0.png,f149,f149,True,4,4
f18eic-0.png,f18eic,fl8elc,False,6,6
f1h0-0.png,f1h0,f1h0,True,4,4
f1r4t-0.png,f1r4t,f1r4t,True,5,5
f2dmz-0.png,f2dmz,f20mz,False,5,5
f3m80-0.png,f3m80,f3m8o,False,5,5
f40duv-0.png,f40duv,f40dllv,False,6,7
f48b3-0.png,f48b3,f58b5,False,5,5
f48o-0.png,f48o,f48o,True,4,4
f49sgark-0.png,f49sgark,f49s8ark,False,8,8
f5e9-0.png,f5e9,fseg,False,4,4
f5rf7a9-0.png,f5rf7a9,ksmvl2al9,False,7,9
f6554-0.png,f6554,f6554,True,5,5
f68xqlqk-0.png,f68xqlqk,f68xqlqk,True,8,8
f73kv-0.png,f73kv,f73kv,True,5,5
f95n2fh-0.png,f95n2fh,f95n2fh,True,7,7
f9e4h7-0.png,f9e4h7,f8e4h7,False,6,6
fazgm-0.png,fazgm,fangm,False,5,5
fd1cwfhl-0.png,fd1cwfhl,q261slq5l,False,8,9
fdb0-0.png,fdb0,fe8o,False,4,4
ff9w4m3-0.png,ff9w4m3,ff9htlnl3,False,7,9
ffeuj49-0.png,ffeuj49,qfeq3qq,False,7,7
ffzhl-0.png,ffzhl,ffzfhl,False,5,6
fgww-0.png,fgww,fgww,True,4,4
fhjk-0.png,fhjk,fhjk,True,4,4
fkcd6c-0.png,fkcd6c,fkcd6c,True,6,6
fkzdxrta-0.png,fkzdxrta,ikzdxrla,False,8,8
fl725xft-0.png,fl725xft,rh725xrt,False,8,8
fmxc-0.png,fmxc,qqnw,False,4,4
fna1yfad-0.png,fna1yfad,fna1yfad,True,8,8
fnbe5l-0.png,fnbe5l,fllesl,False,6,6
fni3o-0.png,fni3o,fni3o,True,5,5
fnszj-0.png,fnszj,fqszj,False,5,5
fojc5-0.png,fojc5,fojc5,True,5,5
fooaly-0.png,fooaly,fooaly,True,6,6
fp3l8gy-0.png,fp3l8gy,fp3l8ey,False,7,7
frf4-0.png,frf4,frf4,True,4,4
frg4r-0.png,frg4r,frg4r,True,5,5
fuk189-0.png,fuk189,fuk184,False,6,6
fukr6x06-0.png,fukr6x06,fukr6x06,True,8,8
fw652-0.png,fw652,fw652,True,5,5
fx8w6-0.png,fx8w6,fx8tf16,False,5,7
fxakx8-0.png,fxakx8,fxakx8,True,6,6
fxb3wssu-0.png,fxb3wssu,fxb3wssu,True,8,8
fxy5kcx-0.png,fxy5kcx,fxy57kcx,False,7,8
fygzfbbv-0.png,fygzfbbv,fygzf8bv,False,8,8
fyhq8-0.png,fyhq8,fyhq9,False,5,5
fyqrwuqw-0.png,fyqrwuqw,fyqrwuqw,True,8,8
fzgwqo-0.png,fzgwqo,fzgwq0,False,6,6
fzr6zx-0.png,fzr6zx,fzr62x,False,6,6
g0atmsxc-0.png,g0atmsxc,goatmsxo,False,8,8
g0lfj-0.png,g0lfj,8olfj,False,5,5
g0ml0-0.png,g0ml0,g0ml0,True,5,5
g0y30-0.png,g0y30,q0u30,False,5,5
g1qy8-0.png,g1qy8,gzqy8,False,5,5
g1sj8c-0.png,g1sj8c,g1uj8c,False,6,6
g1zxvopk-0.png,g1zxvopk,g1zxvopk,True,8,8
g2d389y-0.png,g2d389y,g2d282,False,7,6
g399jxe2-0.png,g399jxe2,g3gdxe2,False,8,7
g3eoac0n-0.png,g3eoac0n,g3eoac0n,True,8,8
g4pu-0.png,g4pu,g4pu,True,4,4
g50tnn-0.png,g50tnn,g50tnn,True,6,6
g9lyglwj-0.png,g9lyglwj,e9lyelwj,False,8,8
gatwbcv-0.png,gatwbcv,gatwbcv,True,7,7
gaux8s-0.png,gaux8s,gaux8s,True,6,6
gbm3k-0.png,gbm3k,gbm3k,True,5,5
gbypds-0.png,gbypds,gbypds,True,6,6
gc95-0.png,gc95,9c95,False,4,4
gczrlsen-0.png,gczrlsen,gczrlsen,True,8,8
gdg7h-0.png,gdg7h,gdg7h,True,5,5
gdhkyad-0.png,gdhkyad,g0hhya8,False,7,7
gdqlmdlp-0.png,gdqlmdlp,gdqlmdlp,True,8,8
ge5tdvi-0.png,ge5tdvi,aestdvi,False,7,7
gh2l0y-0.png,gh2l0y,gh2l0y,True,6,6
ghdb-0.png,ghdb,glldb,False,4,5
ghellnvl-0.png,ghellnvl,gt1ellnvl,False,8,9
gj8s-0.png,gj8s,4jqs,False,4,4
gjj6pj-0.png,gjj6pj,clnd,False,6,4
gk9zgds-0.png,gk9zgds,gkgzg0s,False,7,7
glsq6wv-0.png,glsq6wv,glsq6wv,True,7,7
gm5klt6-0.png,gm5klt6,gm5klt6,True,7,7
gmlevzei-0.png,gmlevzei,gmlevzel,False,8,8
gmqv9-0.png,gmqv9,gmqv9,True,5,5
go2lwcm-0.png,go2lwcm,go2lwcn,False,7,7
godllyl-0.png,godllyl,godlllyl,False,7,8
gq9od-0.png,gq9od,gq9od,True,5,5
gqbmo-0.png,gqbmo,jgbme,False,5,5
gqyue2-0.png,gqyue2,gqyue2,True,6,6
gr8ac-0.png,gr8ac,6r8rc,False,5,5
guvl-0.png,guvl,guvl,True,4,4
gw3l-0.png,gw3l,6w3l,False,4,4
gwbjep-0.png,gwbjep,gwbjep,True,6,6
gxlhdi-0.png,gxlhdi,9xlhdi,False,6,6
gyhk2kgp-0.png,gyhk2kgp,eyhk2k8p,False,8,8
gzwi3-0.png,gzwi3,gzwl3,False,5,5
h00u-0.png,h00u,h004,False,4,4
h08pn-0.png,h08pn,h08pn,True,5,5
h0n14-0.png,h0n14,h0n74,False,5,5
h1ytmt-0.png,h1ytmt,li1jlytri1ri1t,False,6,14
h2vr7-0.png,h2vr7,h2vr7,True,5,5
h4f77tdw-0.png,h4f77tdw,hlsf71rtpn,False,8,10
h4titb0-0.png,h4titb0,h4t1tb0,False,7,7
h50769lw-0.png,h50769lw,h5o769lw,False,8,8
h6dtd-0.png,h6dtd,n6d6d,False,5,5
h6o7n-0.png,h6o7n,h601n,False,5,5
h7f9-0.png,h7f9,h7f9,True,4,4
h8tg-0.png,h8tg,h8tg,True,4,4
hagreh-0.png,hagreh,hagreh,True,6,6
ham46lpd-0.png,ham46lpd,ham46lpd,True,8,8
haps2-0.png,haps2,hapa2,False,5,5
hb5fz-0.png,hb5fz,hbsf2,False,5,5
hbll9-0.png,hbll9,hbl19,False,5,5
hc5rx39-0.png,hc5rx39,hcsrx3g,False,7,7
hc8jk3-0.png,hc8jk3,1t6jk3,False,6,6
hclv7-0.png,hclv7,licly7,False,5,6
hcwgu-0.png,hcwgu,hl7wgu,False,5,6
he7grud-0.png,he7grud,he7grup,False,7,7
hetibp-0.png,hetibp,hetibp,True,6,6
hibi-0.png,hibi,l1il1i,False,4,6
hj5ms-0.png,hj5ms,hj5ms,True,5,5
hkmy29-0.png,hkmy29,hkmy29,True,6,6
hl79-0.png,hl79,h39,False,4,3
hljv6-0.png,hljv6,h2ivo,False,5,5
hm5osaq-0.png,hm5osaq,hmsownz,False,7,7
hnns4-0.png,hnns4,hnns4,True,5,5
ho6v2tsw-0.png,ho6v2tsw,hg6u2tsw,False,8,8
hptym6-0.png,hptym6,wptys6,False,6,6
hqo6slvr-0.png,hqo6slvr,hql6slvr,False,8,8
hrdksy8-0.png,hrdksy8,hrdksy8,True,7,7
hsb1tie-0.png,hsb1tie,llsb1tie,False,7,8
hsnd7h7-0.png,hsnd7h7,hs4d7hql,False,7,8
huifd-0.png,huifd,hvlfd,False,5,5
hvch2er7-0.png,hvch2er7,hucheerq,False,8,8
hvgp-0.png,hvgp,hvgp,True,4,4
hvj6wg-0.png,hvj6wg,nvzlmg,False,6,6
hvk6-0.png,hvk6,hvke,False,4,4
hw6ta6-0.png,hw6ta6,hw6ta6,True,6,6
hwev766-0.png,hwev766,hwev766,True,7,7
hxtahp3-0.png,hxtahp3,hxtahp3,True,7,7
hy850xkl-0.png,hy850xkl,hy850xkl,True,8,8
hyj870q-0.png,hyj870q,hyj870q,True,7,7
hynvxdz-0.png,hynvxdz,hynvxwz,False,7,7
hyp3tvwt-0.png,hyp3tvwt,hyp3tvwt,True,8,8
i1lkkg-0.png,i1lkkg,iiltt6,False,6,6
i3ijtc-0.png,i3ijtc,i3ijtc,True,6,6
i3jpjs-0.png,i3jpjs,i3jpz5s,False,6,7
i3reuje-0.png,i3reuje,zsreilke,False,7,8
i5aa1-0.png,i5aa1,l5ii1,False,5,5
i5kd0omr-0.png,i5kd0omr,iskd00mf,False,8,8
i7hqc7-0.png,i7hqc7,i7hqc7,True,6,6
i9dhn60-0.png,i9dhn60,l9dhn6o,False,7,7
i9n9a-0.png,i9n9a,19n9a,False,5,5
ib7372l-0.png,ib7372l,lb7j12l,False,7,7
ibkmxh-0.png,ibkmxh,ibkmxh,True,6,6
iebwyn-0.png,iebwyn,iobwyn,False,6,6
igefs-0.png,igefs,igefs,True,5,5
ighh4lc-0.png,ighh4lc,ighh4lc,True,7,7
igmy-0.png,igmy,5l9my,False,4,5
igvz5gc6-0.png,igvz5gc6,1gvz5gc6,False,8,8
ih616-0.png,ih616,it1616,False,5,6
il680q15-0.png,il680q15,ice8ozh6,False,8,8
ilmlq-0.png,ilmlq,ilmlq,True,5,5
ilq9a-0.png,ilq9a,ilq9a,True,5,5
ilw0sni-0.png,ilw0sni,ilwosn,False,7,6
imetse6c-0.png,imetse6c,imetseec,False,8,8
imike663-0.png,imike663,lqllf663,False,8,8
iml4loq-0.png,iml4loq,iml4lo4,False,7,7
inb7g-0.png,inb7g,inb7g,True,5,5
infph-0.png,infph,lnfph,False,5,5
inrjbf6-0.png,inrjbf6,lnrjbf6,False,7,7
io8w8-0.png,io8w8,i08w8,False,5,5
ipavuik-0.png,ipavuik,ipavuik,True,7,7
ipqyqd-0.png,ipqyqd,ipqyqd,True,6,6
iq0bjxdg-0.png,iq0bjxdg,iq0bjxdg,True,8,8
iq1t40-0.png,iq1t40,lq7yk0,False,6,6
iqawpl-0.png,iqawpl,iqawpl,True,6,6
irl9u9xz-0.png,irl9u9xz,irl9u9xz,True,8,8
iskg4-0.png,iskg4,iskg4,True,5,5
isvu-0.png,isvu,b4,False,4,2
it99jw8-0.png,it99jw8,it99jw8,True,7,7
iu0q5-0.png,iu0q5,iqli0q5,False,5,7
iuei9-0.png,iuei9,iuei9,True,5,5
ivkgbwc-0.png,ivkgbwc,iykg0mc,False,7,7
iw8j-0.png,iw8j,iw8j,True,4,4
iwbeu-0.png,iwbeu,1wbeu,False,5,5
iwpf9p-0.png,iwpf9p,lwpf9p,False,6,6
j1er1x92-0.png,j1er1x92,j7er7xg2,False,8,8
j1o6yr9-0.png,j1o6yr9,j1o6yr9,True,7,7
j227gma8-0.png,j227gma8,mmn,False,8,3
j6g1a0gw-0.png,j6g1a0gw,j661a06w,False,8,8
j6gc2u3-0.png,j6gc2u3,j69c2u3,False,7,7
j6q0mhv-0.png,j6q0mhv,j6q0rv1t1v,False,7,10
j6q31-0.png,j6q31,jbq31,False,5,5
j75aou-0.png,j75aou,j75h0u,False,6,6
j7lkhg-0.png,j7lkhg,i1lfh9,False,6,6
j7n39-0.png,j7n39,j7n39,True,5,5
ja35h8-0.png,ja35h8,ja35h8,True,6,6
ja37ao13-0.png,ja37ao13,ja37ao13,True,8,8
ja6j-0.png,ja6j,ja6j,True,4,4
jajbc4x-0.png,jajbc4x,jajbc4x,True,7,7
jaof-0.png,jaof,jaof,True,4,4
jb5f-0.png,jb5f,jb5f,True,4,4
jbbjm0dp-0.png,jbbjm0dp,jbbjml0dpr,False,8,10
jdptyt0y-0.png,jdptyt0y,jdptyroy,False,8,8
jey85l-0.png,jey85l,jcy85l,False,6,6
jfsnttz-0.png,jfsnttz,jfsnk,False,7,5
jg00cgpr-0.png,jg00cgpr,jg00cgpr,True,8,8
jh02fn3a-0.png,jh02fn3a,jh02fn3a,True,8,8
jh8lz-0.png,jh8lz,jh8qoz,False,5,6
jhxgb3-0.png,jhxgb3,dhxqvb3,False,6,7
jils-0.png,jils,jlll6,False,4,5
jirj-0.png,jirj,jiri,False,4,4
jiw50iak-0.png,jiw50iak,jvviw50iqkc,False,8,11
jjibj8n-0.png,jjibj8n,jjibj8r1,False,7,8
jkgtgsg-0.png,jkgtgsg,jkgtg5g,False,7,7
jkhr8c-0.png,jkhr8c,jkhr8c,True,6,6
jkk4q-0.png,jkk4q,il1113lq,False,5,8
jl33vl-0.png,jl33vl,jl33yl,False,6,6
jl35wmz-0.png,jl35wmz,jl35wmz,True,7,7
jlahg07-0.png,jlahg07,jlahg07,True,7,7
jlicpwe-0.png,jlicpwe,llicpwe,False,7,7
jm0ed-0.png,jm0ed,jm0ed,True,5,5
jm36s-0.png,jm36s,jm36s,True,5,5
jmpk66yr-0.png,jmpk66yr,jmpk66yr,True,8,8
jnla9fy4-0.png,jnla9fy4,jnl29fy4,False,8,8
jnovjd-0.png,jnovjd,jr10vjd,False,6,7
jo9x-0.png,jo9x,jo9x,True,4,4
jp6r-0.png,jp6r,jp6r,True,4,4
jpquvw6-0.png,jpquvw6,jpqijvw8,False,7,8
jqrviyct-0.png,jqrviyct,jqrvlvcl,False,8,8
jrn2j-0.png,jrn2j,jrn2j,True,5,5
jrofo1b-0.png,jrofo1b,jrofo1b,True,7,7
jt87yc-0.png,jt87yc,jt87yc,True,6,6
jud-0.png,jud,jud,True,3,3
jukljle-0.png,jukljle,jukljle,True,7,7
jvpwt1p-0.png,jvpwt1p,jvpwt1p,True,7,7
jw0hsa6n-0.png,jw0hsa6n,jw0hsa6n,True,8,8
jw12-0.png,jw12,jw12,True,4,4
jwdpa-0.png,jwdpa,jwdpa,True,5,5
jwxt8dr-0.png,jwxt8dr,lwxt8dr,False,7,7
jxm8lv-0.png,jxm8lv,jxm8lv,True,6,6
jxmdm-0.png,jxmdm,jxmdm,True,5,5
jxy9rq-0.png,jxy9rq,jxy9rq,True,6,6
jyun-0.png,jyun,jyun,True,4,4
jzttfxjt-0.png,jzttfxjt,lzttfxl1,False,8,8
k070g5pe-0.png,k070g5pe,k070g5pe,True,8,8
k0j12hf-0.png,k0j12hf,k0j12hf,True,7,7
k0xd9ldp-0.png,k0xd9ldp,k0xd9ldp,True,8,8
k11b-0.png,k11b,k11b,True,4,4
k27msq-0.png,k27msq,k27msq,True,6,6
k397f-0.png,k397f,kjg7f,False,5,5
k3zrl0ee-0.png,k3zrl0ee,k3ztloee,False,8,8
k430v-0.png,k430v,k430v,True,5,5
k4vst-0.png,k4vst,hyusi,False,5,5
k59v9q-0.png,k59v9q,ks9v9q,False,6,6
k5luto-0.png,k5luto,xsfuto,False,6,6
k5me5-0.png,k5me5,h5me5,False,5,5
k60ku5-0.png,k60ku5,k60ku5,True,6,6
kdghy-0.png,kdghy,k0chy,False,5,5
kdpb-0.png,kdpb,kdpb,True,4,4
kds0h-0.png,kds0h,kds0k,False,5,5
kenmc-0.png,kenmc,kenmc,True,5,5
kevp4bh2-0.png,kevp4bh2,kevp4bh2,True,8,8
kfa4jh-0.png,kfa4jh,kfa4jh,True,6,6
kfh76-0.png,kfh76,ff4z5,False,5,5
kfj8-0.png,kfj8,kfj8,True,4,4
kflzs5-0.png,kflzs5,kflzs5,True,6,6
kfvj0f1-0.png,kfvj0f1,kevj0e1,False,7,7
kg8qx9v2-0.png,kg8qx9v2,kg8qh9u2,False,8,8
kgi2zx9p-0.png,kgi2zx9p,kgl2zx9p,False,8,8
khs6-0.png,khs6,khs6,True,4,4
khxphp-0.png,khxphp,khxphp,True,6,6
ki65qc76-0.png,ki65qc76,ki65qc76,True,8,8
kirtl-0.png,kirtl,triiitl,False,5,7
kjgy2w0k-0.png,kjgy2w0k,k1gy2w0k,False,8,8
kjlcndk0-0.png,kjlcndk0,l1lchvl0,False,8,8
kjlcnst-0.png,kjlcnst,kjlcns7,False,7,7
kk05271y-0.png,kk05271y,m0x71y,False,8,6
kklr2ztk-0.png,kklr2ztk,kklr2ztk,True,8,8
kl93n-0.png,kl93n,kl93n,True,5,5
klmv-0.png,klmv,nmv,False,4,3
klop4si-0.png,klop4si,kl0prsi,False,7,7
kmfvm-0.png,kmfvm,kmfvm,True,5,5
knlb9c-0.png,knlb9c,knlb9o,False,6,6
knrs2rq-0.png,knrs2rq,knrs2rq,True,7,7
knztn8nc-0.png,knztn8nc,kr1ztr18rjc,False,8,11
kp7kmlda-0.png,kp7kmlda,kp7kmlda,True,8,8
kpjwxknb-0.png,kpjwxknb,hpjgxx2b,False,8,8
kprd-0.png,kprd,kpr0,False,4,4
kqrl-0.png,kqrl,kqrl,True,4,4
kqs6ioi-0.png,kqs6ioi,kqs6io5l,False,7,8
kr50x-0.png,kr50x,kr50x,True,5,5
ksdwylp5-0.png,ksdwylp5,ksowylp5,False,8,8
kspl-0.png,kspl,kqpl,False,4,4
kt6v-0.png,kt6v,kt6v,True,4,4
kuzsno-0.png,kuzsno,ku2sno,False,6,6
kw4p1q-0.png,kw4p1q,kw4p1o,False,6,6
kwjy5vpx-0.png,kwjy5vpx,kwjy5vpx,True,8,8
kxahpbpi-0.png,kxahpbpi,kxaf1pbpi,False,8,9
kxvy5v-0.png,kxvy5v,kxvy5v,True,6,6
ky0syh-0.png,ky0syh,ky0syll,False,6,7
kyb3hc-0.png,kyb3hc,kyb3hc,True,6,6
kysw0-0.png,kysw0,kysw0,True,5,5
kzsv-0.png,kzsv,kzsv,True,4,4
l1ba-0.png,l1ba,l18a,False,4,4
l1ylpm08-0.png,l1ylpm08,l1ylpmq8,False,8,8
l21kptl-0.png,l21kptl,l2lkptl,False,7,7
l2d24k-0.png,l2d24k,l2024k,False,6,6
l2dxd3-0.png,l2dxd3,l2dxd3,True,6,6
l2j3gfg-0.png,l2j3gfg,l2j3gfg,True,7,7
l2qgx6-0.png,l2qgx6,l2qgx6,True,6,6
l2tc-0.png,l2tc,l2tc,True,4,4
l2xlmgo-0.png,l2xlmgo,l2xlmgo,True,7,7
l3a98dq-0.png,l3a98dq,lsn98dq,False,7,7
l3b8m5-0.png,l3b8m5,l3b8m5,True,6,6
l3hsnv-0.png,l3hsnv,bhsnv,False,6,5
l3vv4b7-0.png,l3vv4b7,l3vvflb7,False,7,8
l3xy-0.png,l3xy,l3xy,True,4,4
l42s0-0.png,l42s0,l5r2s0,False,5,6
l4lg8-0.png,l4lg8,l4lg8,True,5,5
l6l6e-0.png,l6l6e,l616e,False,5,5
l7fntl6-0.png,l7fntl6,l7fnt16,False,7,7
l7z8030-0.png,l7z8030,l7zb0j0,False,7,7
l9b4cou6-0.png,l9b4cou6,l984cqu6,False,8,8
l9jlovuz-0.png,l9jlovuz,l9jlovuz,True,8,8
lackdv2-0.png,lackdv2,lacx0v2,False,7,7
ladhd0c1-0.png,ladhd0c1,ladhd8c1,False,8,8
lag9vt-0.png,lag9vt,lag9vt,True,6,6
laji-0.png,laji,laji,True,4,4
lbgz0ns-0.png,lbgz0ns,lbgzons,False,7,7
lbn9ph-0.png,lbn9ph,l8n9pa,False,6,6
lbrhjvyr-0.png,lbrhjvyr,lbrhjvyr,True,8,8
lbx6gub-0.png,lbx6gub,lbx6gub,True,7,7
lbz7-0.png,lbz7,l8z7,False,4,4
lcbyn403-0.png,lcbyn403,lceyn4q3,False,8,8
lcew-0.png,lcew,lcew,True,4,4
lcnhjr1-0.png,lcnhjr1,lcnhjr1,True,7,7
lcqb1t-0.png,lcqb1t,lcqb1t,True,6,6
ldjy-0.png,ldjy,lejy,False,4,4
le3yxx-0.png,le3yxx,le3yxx,True,6,6
leetgs6-0.png,leetgs6,leetgs6,True,7,7
levnex3t-0.png,levnex3t,levnex3t,True,8,8
lf1u-0.png,lf1u,lf1u,True,4,4
lghx0spj-0.png,lghx0spj,lghxospj,False,8,8
lgk7dl-0.png,lgk7dl,lgk1dl,False,6,6
lh02v-0.png,lh02v,lho2v,False,5,5
lh3t5tp-0.png,lh3t5tp,lh3t5tp,True,7,7
lhiqbpx3-0.png,lhiqbpx3,lhiqbpx3,True,8,8
lhmd-0.png,lhmd,laisrd,False,4,6
lhps-0.png,lhps,lhp5,False,4,4
lhuttfhn-0.png,lhuttfhn,lhuttfhn,True,8,8
lj25t2f-0.png,lj25t2f,lj2rr2f,False,7,7
lk94-0.png,lk94,lh94,False,4,4
lknl4lb-0.png,lknl4lb,lknl4lb,True,7,7
ll1n-0.png,ll1n,ll1n,True,4,4
lldc-0.png,lldc,ll0c,False,4,4
llftqg0-0.png,llftqg0,llftqg0,True,7,7
llmh54d-0.png,llmh54d,llm4syd,False,7,7
llwe-0.png,llwe,llwe,True,4,4
lm9d24-0.png,lm9d24,ln9dzf,False,6,6
lm9vy-0.png,lm9vy,lm9vy,True,5,5
lma875y-0.png,lma875y,lma875w,False,7,7
lmr5u172-0.png,lmr5u172,lmr5u172,True,8,8
lmzu3cgb-0.png,lmzu3cgb,lmzu3ceb,False,8,8
lo57d-0.png,lo57d,lo57d,True,5,5
lo5kcof-0.png,lo5kcof,lo5kcof,True,7,7
loetlydo-0.png,loetlydo,loctlydo,False,8,8
lolog-0.png,lolog,lolog,True,5,5
loo3ncg-0.png,loo3ncg,loo3ncg,True,7,7
loyvyf86-0.png,loyvyf86,l0yvyf86,False,8,8
lq1hrs-0.png,lq1hrs,lq1xrs,False,6,6
lq8z87-0.png,lq8z87,lq8z87,True,6,6
lqapu8-0.png,lqapu8,lqapu8,True,6,6
lrnzuv4x-0.png,lrnzuv4x,lrn2uj4x,False,8,8
ls3d-0.png,ls3d,ls3d,True,4,4
lsapu-0.png,lsapu,lsapu,True,5,5
lsgh2m4k-0.png,lsgh2m4k,lseh2mah,False,8,8
lshlfbdi-0.png,lshlfbdi,lsl1lfbdi,False,8,9
lsmzq-0.png,lsmzq,lsmz0,False,5,5
lszeci-0.png,lszeci,lszecl,False,6,6
ltqqjs5-0.png,ltqqjs5,ltq41ss,False,7,7
lu1ow7k-0.png,lu1ow7k,lu1ow1k,False,7,7
lu8lr-0.png,lu8lr,xwuoh,False,5,5
lua1s3c-0.png,lua1s3c,lua1s3c,True,7,7
lulme-0.png,lulme,lulme,True,5,5
lv8m9l-0.png,lv8m9l,1v8m91,False,6,6
lva2bqcz-0.png,lva2bqcz,lva280cz,False,8,8
lweba0d0-0.png,lweba0d0,lwe8r000,False,8,8
lwna-0.png,lwna,lwqa,False,4,4
lxbsfv-0.png,lxbsfv,lxbsfv,True,6,6
lxfflql-0.png,lxfflql,lxfflql,True,7,7
lxwqkz2-0.png,lxwqkz2,vxwqx22,False,7,7
lzjyzk9n-0.png,lzjyzk9n,lzjyzk9o,False,8,8
m0vv0qg-0.png,m0vv0qg,m0vv0qg,True,7,7
m16cz-0.png,m16cz,m16cz,True,5,5
m1slx-0.png,m1slx,mlslx,False,5,5
m2i4u-0.png,m2i4u,m2i4u,True,5,5
m3mc3hu-0.png,m3mc3hu,ml3mcllsllc1,False,7,12
m4ztqk-0.png,m4ztqk,m4ztqk,True,6,6
m52xx5-0.png,m52xx5,m52xx5,True,6,6
m5cg7n-0.png,m5cg7n,mscgzn,False,6,6
m6mdx9lt-0.png,m6mdx9lt,m6mm7,False,8,5
m7otcn6-0.png,m7otcn6,mp0tcn6,False,7,7
m83m1d6o-0.png,m83m1d6o,m83m1d6o,True,8,8
m8eca16-0.png,m8eca16,m8eca15,False,7,7
m8gte-0.png,m8gte,m8gte,True,5,5
m8gwskd-0.png,m8gwskd,rii8gwskd,False,7,9
m9p8-0.png,m9p8,m9p8,True,4,4
maxxg-0.png,maxxg,maxxg,True,5,5
mbbld-0.png,mbbld,m6blp,False,5,5
mciiacb-0.png,mciiacb,mcllacb,False,7,7
me3euhs4-0.png,me3euhs4,me3euhs4,True,8,8
mf2p98q-0.png,mf2p98q,mf2p98q,True,7,7
mh9y-0.png,mh9y,mh9y,True,4,4
mio3w55-0.png,mio3w55,nxio3w55,False,7,8
mj357n-0.png,mj357n,hjj51n,False,6,6
mkb7-1.png,mkb7,riikb7,False,4,6
mkpvj-0.png,mkpvj,mkpvj,True,5,5
ml14a-0.png,ml14a,ml14a,True,5,5
mlkvr626-0.png,mlkvr626,mikvr626,False,8,8
mlql-0.png,mlql,mlql,True,4,4
mlx7-0.png,mlx7,mlx7,True,4,4
mmr4-0.png,mmr4,mmr4,True,4,4
mmzyf57-0.png,mmzyf57,m2yti257,False,7,8
mnn3o5bp-0.png,mnn3o5bp,mnnaosep,False,8,8
mnz7a-0.png,mnz7a,mnz7a,True,5,5
mpqc-0.png,mpqc,mpgg,False,4,4
mrmth-0.png,mrmth,mrn1tt1,False,5,7
mub4ku-0.png,mub4ku,eub4ku,False,6,6
mulv-0.png,mulv,mulv,True,4,4
muqa445-0.png,muqa445,n1rlqa445,False,7,9
mxn12-0.png,mxn12,mxn12,True,5,5
mz1f-0.png,mz1f,n7z1f,False,4,5
n0dr0c-0.png,n0dr0c,n00r9c,False,6,6
n1gmmpy-0.png,n1gmmpy,n1gmmpy,True,7,7
n1n1-0.png,n1n1,n7n1,False,4,4
n29kh-0.png,n29kh,n29kh,True,5,5
n2u7lmr0-0.png,n2u7lmr0,n2u7lmr0,True,8,8
n3ke-0.png,n3ke,n3ke,True,4,4
n3vat-0.png,n3vat,n3vat,True,5,5
n4exm-0.png,n4exm,n4exm,True,5,5
n4oomt-0.png,n4oomt,n4oomt,True,6,6
n4pkksmh-0.png,n4pkksmh,n4pkkshh,False,8,8
n4yvfz-0.png,n4yvfz,nyyvlz,False,6,6
n7tp-0.png,n7tp,n1tp,False,4,4
n8dz4l-0.png,n8dz4l,n8dz4l,True,6,6
n9q3-0.png,n9q3,n9q3,True,4,4
na3ys44w-0.png,na3ys44w,na3ys44w,True,8,8
nb43cy-0.png,nb43cy,neu3cj,False,6,6
nbelje33-0.png,nbelje33,nbelje33,True,8,8
nbzo-0.png,nbzo,nbzo,True,4,4
ncawwh-0.png,ncawwh,nmajva,False,6,6
nd9oljne-0.png,nd9oljne,nd90ljne,False,8,8
ndgdk-0.png,ndgdk,udedk,False,5,5
ndtfd-0.png,ndtfd,nptfp,False,5,5
neokvc-0.png,neokvc,qqeavs,False,6,6
nf0q-0.png,nf0q,nfoq,False,4,4
nf3w3-0.png,nf3w3,nf3w3,True,5,5
nfhgxq-0.png,nfhgxq,nfhgxq,True,6,6
nftff-0.png,nftff,ata2,False,5,4
ngqm-0.png,ngqm,ngqm,True,4,4
ngt7gmz-0.png,ngt7gmz,3ga7gml2,False,7,8
nhg8w-0.png,nhg8w,nl7g8w,False,5,6
nis04e-0.png,nis04e,n2s04e,False,6,6
niup-0.png,niup,nlup,False,4,4
nke03-0.png,nke03,nke03,True,5,5
nkyzsr-0.png,nkyzsr,nkyzsr,True,6,6
nl3dsk5c-0.png,nl3dsk5c,nl3dsk5c,True,8,8
nlh4y1e-0.png,nlh4y1e,nlhaylfl,False,7,8
nlhao-0.png,nlhao,nlha0,False,5,5
nlsle1-0.png,nlsle1,nlsle1,True,6,6
nltsq4ks-0.png,nltsq4ks,nltsq4ks,True,8,8
nlzl9-0.png,nlzl9,nlzlg,False,5,5
norb-0.png,norb,narb,False,4,4
nowqcrpn-0.png,nowqcrpn,n0wqcrpn,False,8,8
npuqcj7p-0.png,npuqcj7p,npuqcj7p,True,8,8
nq4a7mvu-0.png,nq4a7mvu,n04a57mjc,False,8,9
nqdrscn5-0.png,nqdrscn5,nqdrscn5,True,8,8
nqvdl-0.png,nqvdl,nqv0l,False,5,5
nqz0os9h-0.png,nqz0os9h,llqz00s9h,False,8,9
nr0ctm-0.png,nr0ctm,nr0ctm,True,6,6
nrr4ow4-0.png,nrr4ow4,nm4ow4,False,7,6
ns45-0.png,ns45,m45,False,4,3
ns7hb-0.png,ns7hb,nm7j8,False,5,5
nsiq-0.png,nsiq,l16fl1,False,4,6
nt991l-0.png,nt991l,nt7711,False,6,6
nuhptw-0.png,nuhptw,nuhptw,True,6,6
nurb3d-0.png,nurb3d,nurg3s,False,6,6
nvlueow-0.png,nvlueow,nvlde0w,False,7,7
nvzpgdh-0.png,nvzpgdh,r1vzpgdt1,False,7,9
nwh7hax4-0.png,nwh7hax4,smkskusa,False,8,8
nwnzq-0.png,nwnzq,nwnzq,True,5,5
nwtct-0.png,nwtct,nwtct,True,5,5
nyep5v-0.png,nyep5v,nyep5p,False,6,6
nyrp9e-0.png,nyrp9e,n98p9e,False,6,6
nz0v7-0.png,nz0v7,nz0v7,True,5,5
nzpu-0.png,nzpu,nzpu,True,4,4
o1s3al0-0.png,o1s3al0,o1e3aw,False,7,6
o2b2gfg-0.png,o2b2gfg,02b2gfg,False,7,7
o2jsk-0.png,o2jsk,o2j5k,False,5,5
o3837lx-0.png,o3837lx,o3837lx,True,7,7
o3ag8-0.png,o3ag8,o3ak,False,5,4
o4hmdovy-0.png,o4hmdovy,o4hm0ovy,False,8,8
o4qpp-0.png,o4qpp,04qpp,False,5,5
o5820-0.png,o5820,os820,False,5,5
o707-0.png,o707,o707,True,4,4
o7wk-0.png,o7wk,o7wk,True,4,4
o83hedx-0.png,o83hedx,o83heox,False,7,7
o8aag-0.png,o8aag,08aag,False,5,5
o8y4m-0.png,o8y4m,o8wm,False,5,4
o96l9az-0.png,o96l9az,096l98z,False,7,7
oav5mas-0.png,oav5mas,oav6mas,False,7,7
occah8-0.png,occah8,occah8,True,6,6
ocol7w-0.png,ocol7w,ocot7w,False,6,6
odh7p55l-0.png,odh7p55l,odl717p55l,False,8,10
odp8-0.png,odp8,cdp8,False,4,4
oe0eq9-0.png,oe0eq9,oe0eq9,True,6,6
oeol-0.png,oeol,dedl,False,4,4
ofavtnx-0.png,ofavtnx,ofavtnx,True,7,7
oh3v2-0.png,oh3v2,0h3v2,False,5,5
ojfqa585-0.png,ojfqa585,ojrq4s8s,False,8,8
olxg7ln-0.png,olxg7ln,olxg7ln,True,7,7
opscn23v-0.png,opscn23v,0pscn23v,False,8,8
orw4sjk-0.png,orw4sjk,orw4sjk,True,7,7
os9ul-0.png,os9ul,0swr,False,5,4
oscs-0.png,oscs,oscs,True,4,4
oul059ly-0.png,oul059ly,qulm9ly,False,8,7
ovjqnzgm-0.png,ovjqnzgm,ovi2xzgm,False,8,8
ow5sd2w-0.png,ow5sd2w,owf54d2n,False,7,8
owcz1w-0.png,owcz1w,0wcz7w,False,6,6
oxhpigo-0.png,oxhpigo,oyhpl6o,False,7,7
oxtzxi-0.png,oxtzxi,oxtzxi,True,6,6
oy02dd-0.png,oy02dd,6yc2dd,False,6,6
oy3waa-0.png,oy3waa,oy3waa,True,6,6
oywfaf-0.png,oywfaf,oywfaf,True,6,6
p0c0yl-0.png,p0c0yl,p0c0yl,True,6,6
p0qcdy-0.png,p0qcdy,p0qcdy,True,6,6
p0w0j-0.png,p0w0j,p0w0ij,False,5,6
p13lx-0.png,p13lx,p13lx,True,5,5
p1chhk9-0.png,p1chhk9,plchhkq,False,7,7
p1cl63-0.png,p1cl63,p1cl63,True,6,6
p1q5k-0.png,p1q5k,p1q5k,True,5,5
p312u-0.png,p312u,p372u,False,5,5
p3dq-0.png,p3dq,p3dq,True,4,4
p4303hs-0.png,p4303hs,p1l909lls,False,7,9
p45r8m7-0.png,p45r8m7,p45r8m7,True,7,7
p5it-0.png,p5it,p5lt,False,4,4
p60w9-0.png,p60w9,p60w9,True,5,5
p7qjg-0.png,p7qjg,p7qjg,True,5,5
p8agb-0.png,p8agb,p8agb,True,5,5
p8b2vg-0.png,p8b2vg,p862ug,False,6,6
p9c6wub-0.png,p9c6wub,mw,False,7,2
p9lflmry-0.png,p9lflmry,pglflmry,False,8,8
pc8y04n8-0.png,pc8y04n8,pc8y04n8,True,8,8
pdoee93b-0.png,pdoee93b,pdoee43w,False,8,8
pee1017g-0.png,pee1017g,pee1077g,False,8,8
pf62we54-0.png,pf62we54,pp62w25q,False,8,8
pfclu-0.png,pfclu,pfclu,True,5,5
pfwg-0.png,pfwg,pvfwg,False,4,5
ph2tst-0.png,ph2tst,pll2vvecusvvec,False,6,14
pk28z-0.png,pk28z,pk282,False,5,5
pkf116-0.png,pkf116,mm,False,6,2
pkgt-0.png,pkgt,pkgt,True,4,4
pkw2wx6n-0.png,pkw2wx6n,pkw2wx6n,True,8,8
plt0-0.png,plt0,plt0,True,4,4
plx60e-0.png,plx60e,plx60e,True,6,6
pojl6z-0.png,pojl6z,pojl6z,True,6,6
ppsxh90-0.png,ppsxh90,ppsxh90,True,7,7
pq2mc54n-0.png,pq2mc54n,pq2ct1c54n,False,8,10
pqpo-0.png,pqpo,pqpo,True,4,4
pqt4t0an-0.png,pqt4t0an,p0t4t0an,False,8,8
pssgydfm-0.png,pssgydfm,ms8ydh,False,8,6
pszr607-0.png,pszr607,pszr6o7,False,7,7
pta18-0.png,pta18,pta18,True,5,5
ptb87-0.png,ptb87,ptb87,True,5,5
ptp3s-0.png,ptp3s,p1p3s,False,5,5
ptp4m-0.png,ptp4m,ptp4m,True,5,5
pu7vl30-0.png,pu7vl30,pu7vl30,True,7,7
pwarq-0.png,pwarq,pwarq,True,5,5
pwp08u13-0.png,pwp08u13,pvpo8ul3,False,8,8
pwpa-0.png,pwpa,pwpa,True,4,4
pwq9d-0.png,pwq9d,pwqg0,False,5,5
pz5063uh-0.png,pz5063uh,pz5063ut1,False,8,9
pz5eyw-0.png,pz5eyw,pz52yw,False,6,6
pzq97q3m-0.png,pzq97q3m,pzq9793m,False,8,8
q02a9jk-0.png,q02a9jk,qo2a1jk,False,7,7
q0uxb2-0.png,q0uxb2,q0uxb2,True,6,6
q2lcl1y-0.png,q2lcl1y,q2lcl1y,True,7,7
q2vnjl-0.png,q2vnjl,q2ynjl,False,6,6
q40qzm-0.png,q40qzm,q40qzm,True,6,6
q41i-0.png,q41i,q4l1i,False,4,5
q5h2g9-0.png,q5h2g9,q5t512g9,False,6,8
q5vxwf-0.png,q5vxwf,qsvxwf,False,6,6
q68rj-0.png,q68rj,qg82j,False,5,5
q71wa-0.png,q71wa,q71wa,True,5,5
q7ix0c-0.png,q7ix0c,41imoc,False,6,6
q7lo4o-0.png,q7lo4o,7nlo4o,False,6,6
q7mqc9-0.png,q7mqc9,q7mqcq,False,6,6
q7u1e9-0.png,q7u1e9,q7u1e9,True,6,6
q8hz-0.png,q8hz,q8t7i1z,False,4,7
q8mh-0.png,q8mh,q8r7r7l1,False,4,8
q9mqu13-0.png,q9mqu13,cjc3mcjlj13,False,7,11
qa37h0-0.png,qa37h0,oa37ho,False,6,6
qa8zt2-0.png,qa8zt2,8a82t2,False,6,6
qavk-0.png,qavk,qavb,False,4,4
qbap-0.png,qbap,qbap,True,4,4
qe72iy9-0.png,qe72iy9,q872iy8,False,7,7
qejnaq-0.png,qejnaq,qejnaq,True,6,6
qeltw3m-0.png,qeltw3m,qelawu3mv,False,7,9
qendxna-0.png,qendxna,qekoxhn,False,7,7
qfqzy-0.png,qfqzy,mqll,False,5,4
qh5udu-0.png,qh5udu,4ksuau,False,6,6
qhcf4-0.png,qhcf4,4hcf4,False,5,5
qjogpg-0.png,qjogpg,qjogpg,True,6,6
qjx5x94-0.png,qjx5x94,qjx5xg4,False,7,7
qkcc0kg0-0.png,qkcc0kg0,0kcc0kg0,False,8,8
qkott5f-0.png,qkott5f,gkott5f,False,7,7
qls5-0.png,qls5,qls5,True,4,4
qm8sdjay-0.png,qm8sdjay,qm8sdjay,True,8,8
qmb2-0.png,qmb2,jma2,False,4,4
qmn45y-0.png,qmn45y,0mn457y,False,6,7
qn1d-0.png,qn1d,qx1d,False,4,4
qn8yyv6-0.png,qn8yyv6,qn8yyv6,True,7,7
qrpynkwv-0.png,qrpynkwv,qrpynkwv,True,8,8
quuhy-0.png,quuhy,quul1y,False,5,6
qv6vn3-0.png,qv6vn3,qv6vn3,True,6,6
qvjtrs-0.png,qvjtrs,qvjtrs,True,6,6
qw1dv-0.png,qw1dv,qw1dv,True,5,5
qw6oa-0.png,qw6oa,qw6oa,True,5,5
qwqwkv-0.png,qwqwkv,0w0wkv,False,6,6
qxi5i9w1-0.png,qxi5i9w1,qxlsl9w1,False,8,8
qykqgi20-0.png,qykqgi20,qykqgl20,False,8,8
qyro-0.png,qyro,qyfo,False,4,4
qzzsn-0.png,qzzsn,qzzsn,True,5,5
r1od-0.png,r1od,r1od,True,4,4
r1zkc-0.png,r1zkc,rlzkc,False,5,5
r20p4-0.png,r20p4,420p4,False,5,5
r2nk80r-0.png,r2nk80r,r2nke0r,False,7,7
r2yr2aj-0.png,r2yr2aj,q2yr2aj,False,7,7
r3yn-0.png,r3yn,r3yn,True,4,4
r5wz7-0.png,r5wz7,r5w2z,False,5,5
r6g5o73-0.png,r6g5o73,r6g5o73,True,7,7
r9uns6-0.png,r9uns6,r9uns6,True,6,6
rafw-0.png,rafw,rafw,True,4,4
raog3f97-0.png,raog3f97,raog3f97,True,8,8
raza3a-0.png,raza3a,raza3a,True,6,6
rbh9wyft-0.png,rbh9wyft,rbhawyft,False,8,8
rcnsiy-0.png,rcnsiy,rcnsly,False,6,6
rctny-0.png,rctny,rctny,True,5,5
rehbon2c-0.png,rehbon2c,fw8onc,False,8,6
rf6f-0.png,rf6f,rf6f,True,4,4
rfg39h87-0.png,rfg39h87,rfg39h87,True,8,8
rglu-0.png,rglu,r91u,False,4,4
rgmvx-0.png,rgmvx,rgmvx,True,5,5
rgv02-0.png,rgv02,rgv02,True,5,5
rhrchlxw-0.png,rhrchlxw,rhrchlxw,True,8,8
rk5tu-0.png,rk5tu,ivkdkii,False,5,7
rkzn7v-0.png,rkzn7v,rkzn7v,True,6,6
rlw272-0.png,rlw272,vlw272,False,6,6
rmg504-0.png,rmg504,amc5o4i,False,6,7
rmlu-0.png,rmlu,rnlu,False,4,4
rplw7-0.png,rplw7,rplw7,True,5,5
rpprfe-0.png,rpprfe,rpprfe,True,6,6
rr38fbsy-0.png,rr38fbsy,aa38fbsy,False,8,8
rrfuwfhu-0.png,rrfuwfhu,rhmhu,False,8,5
rrlkt-0.png,rrlkt,rvrvlklr,False,5,8
rsin-0.png,rsin,rsin,True,4,4
rtlr7-0.png,rtlr7,rtlr7,True,5,5
rubx10-0.png,rubx10,rubx10,True,6,6
rv3io-0.png,rv3io,rv3io,True,5,5
rvbzj-0.png,rvbzj,rvezj,False,5,5
rwc5wmx-0.png,rwc5wmx,rwcswmx,False,7,7
rwhc7wc-0.png,rwhc7wc,rwhc7wc,True,7,7
rwocs-0.png,rwocs,rwoc3,False,5,5
rxiuv-0.png,rxiuv,rxiuv,True,5,5
ryjzj0-0.png,ryjzj0,njzj0,False,6,5
rzipgazj-0.png,rzipgazj,rzlpgazj,False,8,8
rzq5bynz-0.png,rzq5bynz,rzq5bynz,True,8,8
s0ho4qfp-0.png,s0ho4qfp,s0h04qfp,False,8,8
s29j-0.png,s29j,s29ul,False,4,5
s2ln-0.png,s2ln,s2ln,True,4,4
s3clp7-0.png,s3clp7,s3clp7,True,6,6
s4o5wq-0.png,s4o5wq,s400wq,False,6,6
s6da-0.png,s6da,s6da,True,4,4
s7lxa-0.png,s7lxa,s7lxa,True,5,5
s8n5a5k-0.png,s8n5a5k,s8n5a5k,True,7,7
sa74r-0.png,sa74r,sa74r,True,5,5
sb88r-0.png,sb88r,sb88y,False,5,5
scdn-0.png,scdn,scdn,True,4,4
scqwf95v-0.png,scqwf95v,scqwf9sv,False,8,8
sd2xyvxr-0.png,sd2xyvxr,sd2xyuxa,False,8,8
sdk4l7-0.png,sdk4l7,5dk4l7,False,6,6
se0njc-0.png,se0njc,sehjc,False,6,5
set7eeo-0.png,set7eeo,set7eeo,True,7,7
sgwdjb-0.png,sgwdjb,sgwdj8,False,6,6
sh2wjt-0.png,sh2wjt,shxx,False,6,4
sid2fxzf-0.png,sid2fxzf,sud2fxzf,False,8,8
sie729-0.png,sie729,s1t729,False,6,6
sklg-0.png,sklg,sklg,True,4,4
skok09tv-0.png,skok09tv,sk0t09tv,False,8,8
skpcta-0.png,skpcta,skpcta,True,6,6
skq2662u-0.png,skq2662u,sk02662q,False,8,8
skxhclvy-0.png,skxhclvy,skxb0jvy,False,8,8
sml0n3dv-0.png,sml0n3dv,sml0n3dv,True,8,8
snicwm3g-0.png,snicwm3g,sniczxl23g,False,8,10
snmbq-0.png,snmbq,snmbq,True,5,5
sojq-0.png,sojq,sojq,True,4,4
spb6516e-0.png,spb6516e,spd5515e,False,8,8
sqjhrz5e-0.png,sqjhrz5e,sqjhrz5e,True,8,8
squ6k1-0.png,squ6k1,soubk1,False,6,6
sr34i-0.png,sr34i,sr34i,True,5,5
sryx-0.png,sryx,sryx,True,4,4
ss3g4-0.png,ss3g4,ss3g4,True,5,5
ss659hx-0.png,ss659hx,4q6t9hx,False,7,7
ssfq-0.png,ssfq,9sfq,False,4,4
sshbp-0.png,sshbp,ssh8p,False,5,5
ssut-0.png,ssut,s8ut,False,4,4
st46-0.png,st46,st46,True,4,4
stcnwr1-0.png,stcnwr1,5tcnwr1,False,7,7
steu-0.png,steu,s1ell,False,4,5
stiep3-0.png,stiep3,stlep3,False,6,6
stl4xtj-0.png,stl4xtj,stl4xt0,False,7,7
stn8-0.png,stn8,hh,False,4,2
suv8-0.png,suv8,suv8,True,4,4
sve7ng-0.png,sve7ng,sve7ng,True,6,6
swr16-0.png,swr16,swr16,True,5,5
swrd36-0.png,swrd36,szr1rd36,False,6,8
sxaw94-0.png,sxaw94,seawq4,False,6,6
sxsvm-0.png,sxsvm,5xsvm,False,5,5
sy8kfp-0.png,sy8kfp,8y8kfp,False,6,6
syb3dfe2-0.png,syb3dfe2,syb30fe2,False,8,8
szbx-0.png,szbx,szbx,True,4,4
szuz-0.png,szuz,szuz,True,4,4
t1jut-0.png,t1jut,t7jut,False,5,5
t36x9epa-0.png,t36x9epa,t36x9epa,True,8,8
t4bwrwp-0.png,t4bwrwp,t4bwrwp,True,7,7
t4ls-0.png,t4ls,tals,False,4,4
t4mf679d-0.png,t4mf679d,14hf6790,False,8,8
t7eo-0.png,t7eo,f1o,False,4,3
t7l7ebx-0.png,t7l7ebx,t7l7ebx,True,7,7
t7zyxx-0.png,t7zyxx,t72ykk,False,6,6
t8c02-0.png,t8c02,t8c02,True,5,5
t96gc9db-0.png,t96gc9db,tq6gcqdb,False,8,8
t984-0.png,t984,t98u,False,4,4
t9qaw8a5-0.png,t9qaw8a5,l9qaw8a5,False,8,8
t9zn2ll7-0.png,t9zn2ll7,f9znw,False,8,5
ta77ta-0.png,ta77ta,1a777n,False,6,6
tbcbw2c-0.png,tbcbw2c,tbcbw2c,True,7,7
tbiawn42-0.png,tbiawn42,ibinmniz,False,8,8
tczbu-0.png,tczbu,tczbu,True,5,5
td18gcc-0.png,td18gcc,td7qgca,False,7,7
tdooz6d-0.png,tdooz6d,tdooz6o,False,7,7
tdzde-0.png,tdzde,tdzde,True,5,5
tfwptzc-0.png,tfwptzc,1fwptzc,False,7,7
tgdt-0.png,tgdt,tgdt,True,4,4
tgk36qlt-0.png,tgk36qlt,tgk30qlt,False,8,8
thhonbv-0.png,thhonbv,thh0nbv,False,7,7
thl1-0.png,thl1,thl1,True,4,4
thulcgw-0.png,thulcgw,thm,False,7,3
thy7-0.png,thy7,ttlzy7,False,4,6
tjm6otco-0.png,tjm6otco,kjshgskw0,False,8,9
tluglvq-0.png,tluglvq,tluglvq,True,7,7
tmefw-0.png,tmefw,tmetw,False,5,5
tmv26-0.png,tmv26,tnlv26,False,5,6
tnhp-0.png,tnhp,tnhp,True,4,4
tnrn3o2p-0.png,tnrn3o2p,tnrn3q2p,False,8,8
tpktuk6-0.png,tpktuk6,tpktuk6,True,7,7
tplvb5-0.png,tplvb5,tplvb5,True,6,6
tr5n-0.png,tr5n,ta5n,False,4,4
trejedm-0.png,trejedm,trez5edx,False,7,8
trh3-0.png,trh3,rxh3,False,4,4
ttch14bl-0.png,ttch14bl,ttch14bl,True,8,8
ttrr77v-0.png,ttrr77v,t557irvi7lt3l7y,False,7,15
ttz04x-0.png,ttz04x,itz04x,False,6,6
tuyw-0.png,tuyw,lluyiw,False,4,6
tv3h-0.png,tv3h,tv3q,False,4,4
tviwf-0.png,tviwf,tviwf,True,5,5
tw1svg-0.png,tw1svg,tw1svg,True,6,6
twtk-0.png,twtk,cwet,False,4,4
txch1ms-0.png,txch1ms,txch1ms,True,7,7
txjoqodg-0.png,txjoqodg,txjoqodg,True,8,8
tyi9zcn-0.png,tyi9zcn,tyi9rzccln,False,7,10
tzubvo-0.png,tzubvo,tzubvo,True,6,6
u1lz3-0.png,u1lz3,o1lz3,False,5,5
u1rfaq41-0.png,u1rfaq41,u1rfaq41,True,8,8
u29s-0.png,u29s,u295,False,4,4
u2fa-0.png,u2fa,u2fa,True,4,4
u4b0-0.png,u4b0,u4b0,True,4,4
u4j8el8-0.png,u4j8el8,u4j8218,False,7,7
u4vy81d-0.png,u4vy81d,u4vy810,False,7,7
u78nb-0.png,u78nb,uc38nb,False,5,6
u79l-0.png,u79l,u7ql,False,4,4
u82mibi9-0.png,u82mibi9,u82mi6ig,False,8,8
ublat-0.png,ublat,i1blat,False,5,6
ubqwlx-0.png,ubqwlx,ubqwlx,True,6,6
uby5m2a-0.png,uby5m2a,u6ysmea,False,7,7
uetvc-0.png,uetvc,ue15vc,False,5,6
uewr-0.png,uewr,uewr,True,4,4
ufgngs-0.png,ufgngs,uxngs,False,6,5
ufze-0.png,ufze,uf2e,False,4,4
ug606s-0.png,ug606s,uc6o6s,False,6,6
ugb5g9aw-0.png,ugb5g9aw,wgs5g9xw,False,8,8
ugp8m8w-0.png,ugp8m8w,ugp8m8w,True,7,7
ugvgbp9-0.png,ugvgbp9,ugvg8pg,False,7,7
ugzk95b3-0.png,ugzk95b3,ljgzkqsb3,False,8,9
uhcn-0.png,uhcn,jhcn,False,4,4
ui88lwpc-0.png,ui88lwpc,yir8ghpc,False,8,8
uicxyc-0.png,uicxyc,ulcxyc,False,6,6
uiqv-0.png,uiqv,uidv,False,4,4
uit6-0.png,uit6,uit6,True,4,4
uiu9qbp-0.png,uiu9qbp,ulu9qbp,False,7,7
uj33lkgd-0.png,uj33lkgd,ul331kgd,False,8,8
uk7b-0.png,uk7b,cf1b,False,4,4
ukna-0.png,ukna,uknr,False,4,4
ukpaowzr-0.png,ukpaowzr,ukmowzr,False,8,7
ul7l-0.png,ul7l,ul7l,True,4,4
ulb7ir-0.png,ulb7ir,u1b7it,False,6,6
uluwum-0.png,uluwum,uluwum,True,6,6
um2ncoly-0.png,um2ncoly,um2ncoly,True,8,8
umgjqz44-0.png,umgjqz44,wm6jqz44,False,8,8
umygl4rs-0.png,umygl4rs,umygl4r5,False,8,8
unr4-0.png,unr4,unr4,True,4,4
uobiz-0.png,uobiz,vqblz,False,5,5
uow8r-0.png,uow8r,u0w8r,False,5,5
uoxbol4k-0.png,uoxbol4k,uoxbolok,False,8,8
up14719-0.png,up14719,ur74779,False,7,7
upkljb-0.png,upkljb,ljpkljb,False,6,7
uqa7-0.png,uqa7,uqa7,True,4,4
uqdd8-0.png,uqdd8,uu4aze,False,5,6
uqvtzje-0.png,uqvtzje,uqutzje,False,7,7
urdsvx4-0.png,urdsvx4,urdsvx4,True,7,7
uru17mq-0.png,uru17mq,uru17mq,True,7,7
usb3g-0.png,usb3g,usb3g,True,5,5
uspxt-0.png,uspxt,uspxt,True,5,5
uuk0vwk-0.png,uuk0vwk,uuk0v1xlk,False,7,9
uuluh3n6-0.png,uuluh3n6,umh7w6,False,8,6
uv4a9chi-0.png,uv4a9chi,uutla9clll,False,8,10
uvbv-0.png,uvbv,uvbv,True,4,4
uvt9-0.png,uvt9,uv19,False,4,4
uwgf2-0.png,uwgf2,uwgf2,True,5,5
ux6fdl-0.png,ux6fdl,ux6fdl,True,6,6
ux72og-0.png,ux72og,tx171g,False,6,6
uxrd-0.png,uxrd,uxrd,True,4,4
uy0bk4pi-0.png,uy0bk4pi,uyobk4pi,False,8,8
uyj86-0.png,uyj86,uyj86,True,5,5
uykm5t-0.png,uykm5t,uyhm51,False,6,6
v0ua-0.png,v0ua,l0ri2al,False,4,7
v2j7k7ho-0.png,v2j7k7ho,u2i7k7ho,False,8,8
v2tx0x8-0.png,v2tx0x8,v2cxox8,False,7,7
v3zi7-0.png,v3zi7,v3zi7,True,5,5
v4e3y-0.png,v4e3y,m1o8v,False,5,5
v4tv-0.png,v4tv,v4tv,True,4,4
v74se-0.png,v74se,v751se,False,5,6
v7cb2d-0.png,v7cb2d,v7cb2d,True,6,6
v8un8hi-0.png,v8un8hi,v8un8hl,False,7,7
v8zx-0.png,v8zx,ym,False,4,2
v932erc-0.png,v932erc,vg3zepc,False,7,7
v96l5-0.png,v96l5,v96l5,True,5,5
v9edw-0.png,v9edw,vkx,False,5,3
vbj0ok-0.png,vbj0ok,vejook,False,6,6
vbwmzu0-0.png,vbwmzu0,vbwmzuo,False,7,7
vclgq26-0.png,vclgq26,vclgq26,True,7,7
vcz077-0.png,vcz077,vcz077,True,6,6
vdi82kz4-0.png,vdi82kz4,v0l82kz4,False,8,8
ve47-0.png,ve47,m7,False,4,2
vecqb-0.png,vecqb,vecqb,True,5,5
vfsd9fyt-0.png,vfsd9fyt,vfsd9fyt,True,8,8
vgiqt-0.png,vgiqt,vgiqt,True,5,5
vgzy-0.png,vgzy,vgzy,True,4,4
vhrnb-0.png,vhrnb,vhrnb,True,5,5
vi0d-0.png,vi0d,vi0d,True,4,4
viv1ed3y-0.png,viv1ed3y,vlv1eo3y,False,8,8
vjcod9-0.png,vjcod9,vjc0d9,False,6,6
vkfr-0.png,vkfr,vkfr,True,4,4
vled8-0.png,vled8,vled8,True,5,5
vlsqa-0.png,vlsqa,vlsqa,True,5,5
vmubm06i-0.png,vmubm06i,oxuenoee,False,8,8
vn2pal-0.png,vn2pal,vn2pal,True,6,6
vq2rlsh-0.png,vq2rlsh,vq2rlsh,True,7,7
vq3ft7f-0.png,vq3ft7f,ve3fl7f,False,7,7
vqf8-0.png,vqf8,vqf8,True,4,4
vr1n847a-0.png,vr1n847a,vr1n847a,True,8,8
vuei18-0.png,vuei18,vuei12,False,6,6
vv4odhq6-0.png,vv4odhq6,vv4odhq6,True,8,8
vvdmc-0.png,vvdmc,vvdrt1c,False,5,7
vvloeu-0.png,vvloeu,vvloeu,True,6,6
vxtq4-0.png,vxtq4,vxtqft,False,5,6
vy4gui26-0.png,vy4gui26,vy4gui26,True,8,8
vyw3-0.png,vyw3,vyw3,True,4,4
vyxo9-0.png,vyxo9,vyxo7,False,5,5
vyzexh-0.png,vyzexh,vyzexh,True,6,6
w0brzjyz-0.png,w0brzjyz,w06r2jyz,False,8,8
w14ekvmu-0.png,w14ekvmu,w14ekvmu,True,8,8
w15fnfz7-0.png,w15fnfz7,w1sfnfz7,False,8,8
w2s9-0.png,w2s9,w259,False,4,4
w34gghin-0.png,w34gghin,w34gghin,True,8,8
w3dn-0.png,w3dn,w3dn,True,4,4
w3rexsk-0.png,w3rexsk,w3nexsk,False,7,7
w3vgc-0.png,w3vgc,w3vgc,True,5,5
w4tabh-0.png,w4tabh,w4tabh,True,6,6
w4yac-0.png,w4yac,exwee,False,5,5
w58mucmx-0.png,w58mucmx,w58mucmx,True,8,8
w5g0-0.png,w5g0,w5eo,False,4,4
w62ri61a-0.png,w62ri61a,w62ri67a,False,8,8
w6nxw1h-0.png,w6nxw1h,w6nxw1h,True,7,7
w6w78fr-0.png,w6w78fr,w6w78fr,True,7,7
w72p-0.png,w72p,w7v,False,4,3
w76a-0.png,w76a,w76a,True,4,4
w7na-0.png,w7na,w1r1a,False,4,5
w7txn88-0.png,w7txn88,w7txn88,True,7,7
w867z-0.png,w867z,w867z,True,5,5
w8co-0.png,w8co,w8co,True,4,4
w8mv3xv-0.png,w8mv3xv,w8mvjxu,False,7,7
w8soc-0.png,w8soc,olsuc,False,5,5
wa4k6-0.png,wa4k6,wa4k6,True,5,5
wa7z-0.png,wa7z,wa7z,True,4,4
was6kr6h-0.png,was6kr6h,was6kr6h,True,8,8
wb609qj-0.png,wb609qj,wbs09qj,False,7,7
wbb0u83-0.png,wbb0u83,u880083,False,7,7
wbu9wu6-0.png,wbu9wu6,wbu9wu6,True,7,7
wcgxtu6-0.png,wcgxtu6,wcgxtu6,True,7,7
wchyh86-0.png,wchyh86,wchyh86,True,7,7
wcjoxp-0.png,wcjoxp,wcj0xp,False,6,6
wcqsal-0.png,wcqsal,vcbswi,False,6,6
wcv2ys-0.png,wcv2ys,wcv2ys,True,6,6
we9vdq-0.png,we9vdq,we9vdq,True,6,6
wemep-0.png,wemep,wemep,True,5,5
wf8s6x-0.png,wf8s6x,wf8s6x,True,6,6
wff13mpg-0.png,wff13mpg,wff13mpg,True,8,8
wfs6q4ag-0.png,wfs6q4ag,lfmag,False,8,5
wgow5-0.png,wgow5,wgows,False,5,5
whgainm-0.png,whgainm,whgalnm,False,7,7
whs8wa-0.png,whs8wa,wlls8wa,False,6,7
why8ub7r-0.png,why8ub7r,why8ub7r,True,8,8
wk80dulm-0.png,wk80dulm,wt00d8l8,False,8,8
wkai-0.png,wkai,wkai,True,4,4
wkhbm-0.png,wkhbm,wkh6m,False,5,5
wkrp0ds-0.png,wkrp0ds,wkrpqds,False,7,7
wkvh-0.png,wkvh,wkyh,False,4,4
wlh7h3-0.png,wlh7h3,wl5163,False,6,6
wlo9-0.png,wlo9,wlog,False,4,4
wlt1oo-0.png,wlt1oo,wlthoo,False,6,6
wmu-0.png,wmu,wnlu,False,3,4
wmzfebyg-0.png,wmzfebyg,mzkwg,False,8,5
wnhjh-0.png,wnhjh,wnhjh,True,5,5
wnjl3z-0.png,wnjl3z,wnjl3z,True,6,6
wopik-0.png,wopik,w0pik,False,5,5
wpi8k4-0.png,wpi8k4,wpi8t4,False,6,6
wpj20-0.png,wpj20,wpjz0,False,5,5
wpkvs6-0.png,wpkvs6,wpvvs6,False,6,6
wpm345-0.png,wpm345,wpm345,True,6,6
wpuojf5f-0.png,wpuojf5f,wpu0jf5f,False,8,8
wq9b-0.png,wq9b,wq9b,True,4,4
wqgp7308-0.png,wqgp7308,wqgp73o8,False,8,8
wqhw3c-0.png,wqhw3c,wqhw3c,True,6,6
wqtt-0.png,wqtt,wqtt,True,4,4
wrs4-0.png,wrs4,wrs4,True,4,4
ws65i-0.png,ws65i,w966l,False,5,5
ws6w-0.png,ws6w,ws6w,True,4,4
wspku-0.png,wspku,wspku,True,5,5
wu5lx-0.png,wu5lx,wu5lx,True,5,5
wupavqg8-0.png,wupavqg8,wqpavqg8,False,8,8
wv2lkwna-0.png,wv2lkwna,wy2ikwnq,False,8,8
wvefdi-0.png,wvefdi,wvefdl,False,6,6
wvnwm-0.png,wvnwm,wynwm,False,5,5
wwkhs2-0.png,wwkhs2,wwkhs2,True,6,6
wwm1m-0.png,wwm1m,wwmlm,False,5,5
wwnvowv2-0.png,wwnvowv2,hwnvohv2,False,8,8
wwoe2vi-0.png,wwoe2vi,ww0e2vl,False,7,7
wxw2gao-0.png,wxw2gao,mxmzuqao,False,7,8
wybb-0.png,wybb,wyb8,False,4,4
wypj-0.png,wypj,wypj,True,4,4
wz1l-0.png,wz1l,wz1l,True,4,4
wzo7j-0.png,wzo7j,wzo7j,True,5,5
x1q3-0.png,x1q3,x1q3,True,4,4
x2f7mwro-0.png,x2f7mwro,x2f7mwro,True,8,8
x2hj-0.png,x2hj,x2hj,True,4,4
x2xk02p-0.png,x2xk02p,x2xk02p,True,7,7
x31s3su-0.png,x31s3su,x31s3su,True,7,7
x46yxn7q-0.png,x46yxn7q,x46yxn7g,False,8,8
x4qqf-0.png,x4qqf,si77f,False,5,5
x4tl-0.png,x4tl,h4ll,False,4,4
x5jeo-0.png,x5jeo,x5je0,False,5,5
x61t0z-0.png,x61t0z,x6lt0z,False,6,6
x6g6ybr-0.png,x6g6ybr,x6g6y8r,False,7,7
x6i6k-0.png,x6i6k,xexsk,False,5,5
x7mkdulu-0.png,x7mkdulu,x7mkdulu,True,8,8
x8800-0.png,x8800,x8800,True,5,5
x8ob9-0.png,x8ob9,xeobg,False,5,5
x9rusb1-0.png,x9rusb1,x9rusb1,True,7,7
xag8gf-0.png,xag8gf,xag8gf,True,6,6
xeoav-0.png,xeoav,le0av,False,5,5
xfd22z6t-0.png,xfd22z6t,xfd22z6t,True,8,8
xfrld0mj-0.png,xfrld0mj,xfqldqmv,False,8,8
xg4n0dgq-0.png,xg4n0dgq,xgs1n0dgq,False,8,9
xgyfaku-0.png,xgyfaku,xgyfahu,False,7,7
xhqxfi-0.png,xhqxfi,rxhqxii,False,6,7
xjtj3i0-0.png,xjtj3i0,xjtj310,False,7,7
xk798xe-0.png,xk798xe,xk798xe2,False,7,8
xlanpnt-0.png,xlanpnt,xlrnpnt,False,7,7
xmur-0.png,xmur,mr,False,4,2
xpelp8-0.png,xpelp8,xpelp8,True,6,6
xptpl-0.png,xptpl,1p1fl,False,5,5
xr47ewz-0.png,xr47ewz,xr41ewz,False,7,7
xteqzb6-0.png,xteqzb6,xteqzb6,True,7,7
xtzrp-0.png,xtzrp,xtzrp,True,5,5
xuiiylwp-0.png,xuiiylwp,hu1lylulp,False,8,9
xun9-0.png,xun9,xun9,True,4,4
xvowfg-0.png,xvowfg,xvdwfg,False,6,6
xx8ncv-0.png,xx8ncv,mw,False,6,2
xxboh2p-0.png,xxboh2p,xh80n2p,False,7,7
xxgu8su-0.png,xxgu8su,xx6u8su,False,7,7
xze1h-0.png,xze1h,xze1h,True,5,5
xzrf2-0.png,xzrf2,xhv,False,5,3
y0x16c9-0.png,y0x16c9,y0x16c9,True,7,7
y1fto45-0.png,y1fto45,y1ft045,False,7,7
y3ux06-0.png,y3ux06,y3uxo6,False,6,6
y68r-0.png,y68r,y68r,True,4,4
y6ench2-0.png,y6ench2,y6encli2,False,7,8
y6ttxt-0.png,y6ttxt,y6ttxt,True,6,6
y8rfhq6f-0.png,y8rfhq6f,y8rfliq6f,False,8,9
yaakp-0.png,yaakp,yaakp,True,5,5
yaavh21e-0.png,yaavh21e,yaavn11e,False,8,8
ycxb-0.png,ycxb,ycxb,True,4,4
ydrtvf9-0.png,ydrtvf9,ydrtvf9,True,7,7
ye3j8osm-0.png,ye3j8osm,ye3j8o9m,False,8,8
yeak-0.png,yeak,yerk,False,4,4
yf2u99j-0.png,yf2u99j,yf2u99j,True,7,7
ygdory15-0.png,ygdory15,ygdory1s,False,8,8
ygpv7uq-0.png,ygpv7uq,ygpv7uq,True,7,7
yj4m-0.png,yj4m,7j4m,False,4,4
yjhmfa-0.png,yjhmfa,yjhmfa,True,6,6
yjzvdy-0.png,yjzvdy,7yjzvdy,False,6,7
yk9twdv-0.png,yk9twdv,yk9twdv,True,7,7
ykhc0-0.png,ykhc0,ythcj,False,5,5
ylk9pbpy-0.png,ylk9pbpy,ylh8pbpy,False,8,8
yn7g85-0.png,yn7g85,yn1g85,False,6,6
yogyk-0.png,yogyk,yogyk,True,5,5
yp1ye570-0.png,yp1ye570,upiyts7o,False,8,8
yp838obs-0.png,yp838obs,yp838ods,False,8,8
yrrc-0.png,yrrc,yrtc,False,4,4
ys0167-0.png,ys0167,ys0167,True,6,6
yslwm6mb-0.png,yslwm6mb,yslwm6mb,True,8,8
ysy3b-0.png,ysy3b,tit36,False,5,5
yu7y2spi-0.png,yu7y2spi,yu7y2sp1,False,8,8
yweo-0.png,yweo,ywe0,False,4,4
yxnby-0.png,yxnby,yxqby,False,5,5
yxoc6-0.png,yxoc6,lwucl,False,5,5
yyqt6-0.png,yyqt6,vvqce,False,5,5
yzjnx5d-0.png,yzjnx5d,y2jnh5d,False,7,7
z0b8tc-0.png,z0b8tc,w8tc,False,6,4
z1stkhmn-0.png,z1stkhmn,rz1stknm,False,8,8
z254-0.png,z254,z2s4,False,4,4
z2cl9-0.png,z2cl9,z2cl9,True,5,5
z2m7-0.png,z2m7,z2m7,True,4,4
z3e7z0-0.png,z3e7z0,z3e7120,False,6,7
z3n0pput-0.png,z3n0pput,z3n0pput,True,8,8
z599xbz-0.png,z599xbz,2599xbz,False,7,7
z5bbtky3-0.png,z5bbtky3,2sbbtky3,False,8,8
z5k4-0.png,z5k4,z5ktl,False,4,5
z5oi-0.png,z5oi,z50l,False,4,4
z6r0-0.png,z6r0,z6r0,True,4,4
z90sk98-0.png,z90sk98,zgoskg8,False,7,7
z9b8bq0y-0.png,z9b8bq0y,29b8bq0y,False,8,8
zafym-0.png,zafym,zafym,True,5,5
zb7nus-0.png,zb7nus,zb7nus,True,6,6
zbbm-0.png,zbbm,zbbm,True,4,4
zbe1-0.png,zbe1,2be1,False,4,4
zbk1c-0.png,zbk1c,2bk1c,False,5,5
zcn0-0.png,zcn0,zcn0,True,4,4
zddt-0.png,zddt,zddt,True,4,4
zdoblf-0.png,zdoblf,zo0blf,False,6,6
zeivut8-0.png,zeivut8,2ecv4f8,False,7,7
zek18ad0-0.png,zek18ad0,zeh18ad0,False,8,8
zgudso8-0.png,zgudso8,7lgardso8,False,7,9
zjalw-0.png,zjalw,zjalw,True,5,5
zjh8v-0.png,zjh8v,2jh8v,False,5,5
zji3-0.png,zji3,zjl3,False,4,4
zkw5-0.png,zkw5,zkws,False,4,4
zlje-0.png,zlje,2lde,False,4,4
zn19-0.png,zn19,zn19,True,4,4
zngqboe9-0.png,zngqboe9,dngqb0e9,False,8,8
zp29-0.png,zp29,zp29,True,4,4
zrfa0m0j-0.png,zrfa0m0j,zltfnllnll1sl,False,8,13
zsauik50-0.png,zsauik50,zsaulk5o,False,8,8
zsjflk-0.png,zsjflk,zsjt1vk,False,6,7
zswopu-0.png,zswopu,zswopu,True,6,6
zszdczic-0.png,zszdczic,zszdczlc,False,8,8
zu5zt-0.png,zu5zt,zu5zt,True,5,5
zumj-0.png,zumj,zumj,True,4,4
zv4bz0n-0.png,zv4bz0n,2v4b20n,False,7,7
zwc9imu-0.png,zwc9imu,zwc9imu,True,7,7
zwjhgwvj-0.png,zwjhgwvj,zwjt1gwvj,False,8,9
zwya13o-0.png,zwya13o,zwya13o,True,7,7
zxhl2v8-0.png,zxhl2v8,2xhl2v8,False,7,7
zxqlq-0.png,zxqlq,2xqlq,False,5,5
zztd6-0.png,zztd6,zzt06,False,5,5
