filename,expected,predicted,correct,char_matches,total_chars
002e23-0.png,002e23,002e23,True,6,6
00995l-0.png,00995l,00995l,True,6,6
03yl9s-0.png,03yl9s,03yl9s,True,6,6
03yuav5-0.png,03yuav5,o3yuov5,False,5,7
03zl90-0.png,03zl90,03zl90,True,6,6
04zqohgi-0.png,04zqohgi,o4z4vk3i,False,3,8
05htm-0.png,05htm,05htm,True,5,5
05pb-0.png,05pb,05pb,True,4,4
07oj-0.png,07oj,070j,False,3,4
07z0-0.png,07z0,07z0,True,4,4
08ft2e2z-0.png,08ft2e2z,08fr2e2z,False,7,8
08lf-0.png,08lf,08lf,True,4,4
08nxd77-0.png,08nxd77,08r1xd77,False,3,7
08otejfi-0.png,08otejfi,080tejfi,False,7,8
08sba-0.png,08sba,08st2,False,3,5
09popm-0.png,09popm,09popm,True,6,6
0a6pl1g-0.png,0a6pl1g,0a6pl1g,True,7,7
0a7sh2wp-0.png,0a7sh2wp,oatskzw1,False,3,8
0al4pl-0.png,0al4pl,02l4dl,False,4,6
0c3dp-0.png,0c3dp,0c3dp,True,5,5
0c7mgdmd-0.png,0c7mgdmd,0c7mgdmd,True,8,8
0chnm34-0.png,0chnm34,c0mn4,False,1,7
0cr6-0.png,0cr6,0ck,False,2,4
0dtjdlvt-0.png,0dtjdlvt,80tjdlut,False,5,8
0dx9-0.png,0dx9,0dx9,True,4,4
0fa6qtkn-0.png,0fa6qtkn,0ka6qtkiz,False,6,8
0fee-0.png,0fee,cf0q,False,1,4
0gil-0.png,0gil,ogii,False,2,4
0h5ya8-0.png,0h5ya8,0h5ya8,True,6,6
0i7uom-0.png,0i7uom,0i7uom,True,6,6
0k2lyyc-0.png,0k2lyyc,0kayyc,False,3,7
0l10nwmz-0.png,0l10nwmz,0l70nwmz,False,7,8
0l1r-0.png,0l1r,0l1b,False,3,4
0l8l2s-0.png,0l8l2s,0l8l26,False,5,6
0lfjfob-0.png,0lfjfob,0mh,False,1,7
0lqk95h-0.png,0lqk95h,0lqk95h,True,7,7
0mcp7jt-0.png,0mcp7jt,imch73t,False,4,7
0me2a-0.png,0me2a,lome2a,False,0,5
0mgnhi-0.png,0mgnhi,0mgnhi,True,6,6
0msl-0.png,0msl,0msi,False,3,4
0n5546-0.png,0n5546,0n5546,True,6,6
0nq0e-0.png,0nq0e,0nq0e,True,5,5
0ntf-0.png,0ntf,0ntf,True,4,4
0nucs59-0.png,0nucs59,0nucs59,True,7,7
0pglswc-0.png,0pglswc,0pglewo,False,5,7
0pv2w1t-0.png,0pv2w1t,0pv2wlt,False,6,7
0q2tywyt-0.png,0q2tywyt,0q2tywyt,True,8,8
0rlbarm-0.png,0rlbarm,0rlbarm,True,7,7
0rq9qn-0.png,0rq9qn,0cq9qn,False,5,6
0s2rn2o-0.png,0s2rn2o,052rn2o,False,6,7
0sia-0.png,0sia,d5ta,False,1,4
0sm8cb4c-0.png,0sm8cb4c,0sm8cb4c,True,8,8
0ta7lh92-0.png,0ta7lh92,0tr7ih9z,False,5,8
0tbe-0.png,0tbe,oc6e,False,1,4
0u0y5-0.png,0u0y5,0u0y5,True,5,5
0u4aj-0.png,0u4aj,0u4aj,True,5,5
0v4o0p-0.png,0v4o0p,0vro0p,False,5,6
0vug13-0.png,0vug13,0vu613,False,5,6
0w0pankd-0.png,0w0pankd,0w0pankd,True,8,8
0wla-0.png,0wla,cug,False,0,4
0wy4otel-0.png,0wy4otel,0wy40tel,False,7,8
0yoxyw5-0.png,0yoxyw5,0y0xyw6,False,5,7
0z6u3-0.png,0z6u3,0z6u3,True,5,5
11nm-0.png,11nm,11nm,True,4,4
1324mrg-0.png,1324mrg,i324mrg,False,6,7
13be3kf-0.png,13be3kf,i3be3kf,False,6,7
13bsgn2-0.png,13bsgn2,a3bazn2,False,4,7
13v4msh-0.png,13v4msh,13v4msh,True,7,7
18gg-0.png,18gg,18gg,True,4,4
19hz-0.png,19hz,19hz,True,4,4
1asdyrv-0.png,1asdyrv,1a8dyrv,False,6,7
1avc-0.png,1avc,1avc,True,4,4
1awqu-0.png,1awqu,1ewqu,False,4,5
1bu55hc-0.png,1bu55hc,1bu55hc,True,7,7
1c3bl3zm-0.png,1c3bl3zm,zc36ai4zm,False,2,8
1cfa40wy-0.png,1cfa40wy,lcfa40wy,False,7,8
1ctc5l-0.png,1ctc5l,rkw,False,0,6
1dhcacd-0.png,1dhcacd,1ohcaco,False,5,7
1dy0p-0.png,1dy0p,1dw0p,False,4,5
1ed0i9xz-0.png,1ed0i9xz,1ed0igxz,False,7,8
1ewgub4-0.png,1ewgub4,lew6ub4,False,5,7
1ewq-0.png,1ewq,1ew0,False,3,4
1fh4thm-0.png,1fh4thm,lfh4thm,False,6,7
1gbu5qus-0.png,1gbu5qus,1gbu5quc,False,7,8
1hfm-0.png,1hfm,lhfe,False,2,4
1imwt-0.png,1imwt,1imwt,True,5,5
1j2xhu-0.png,1j2xhu,1j2xhv,False,5,6
1j4109-0.png,1j4109,1j4109,True,6,6
1ku9bzoy-0.png,1ku9bzoy,1ku9bzoy,True,8,8
1lrn-0.png,1lrn,llrk,False,2,4
1mrffz-0.png,1mrffz,lmrffz,False,5,6
1mwa-0.png,1mwa,1mwa,True,4,4
1nyd-0.png,1nyd,lnyd,False,3,4
1qp4886m-0.png,1qp4886m,1qp488im,False,7,8
1rhud8rx-0.png,1rhud8rx,kwudmx,False,0,8
1sll9-0.png,1sll9,7silq,False,2,5
1tyn-0.png,1tyn,ztyn,False,3,4
1ulul-0.png,1ulul,1ulul,True,5,5
1wiynjx2-0.png,1wiynjx2,1wixn07z,False,4,8
1wu0cul-0.png,1wu0cul,1lulj0cul,False,2,7
1x44n7nx-0.png,1x44n7nx,1k44n7nk,False,6,8
1x8ljpi-0.png,1x8ljpi,lx8cjpc,False,4,7
1xut0w4-0.png,1xut0w4,lxut0w4,False,6,7
20ka8wmo-0.png,20ka8wmo,20ka6wm0,False,6,8
220ofgki-0.png,220ofgki,220cof0vv5l,False,3,8
23osam-0.png,23osam,230sam,False,5,6
24ldbq3f-0.png,24ldbq3f,24ldbq3f,True,8,8
24yos85-0.png,24yos85,24y05e5,False,4,7
265qfy-0.png,265qfy,265qfy,True,6,6
26pw3-0.png,26pw3,26pk3,False,4,5
273u-0.png,273u,273u,True,4,4
27hibrae-0.png,27hibrae,a7rcbrae,False,5,8
29bgk-0.png,29bgk,29bgk,True,5,5
2aidl-0.png,2aidl,2aidl,True,5,5
2bdh-0.png,2bdh,2bdh,True,4,4
2bjj1pos-0.png,2bjj1pos,2bjl1p0s,False,6,8
2c5ol-0.png,2c5ol,2c50l,False,4,5
2cteaog-0.png,2cteaog,2cteaog,True,7,7
2d76-0.png,2d76,2d76,True,4,4
2doqj-0.png,2doqj,2doqj,True,5,5
2ennujkj-0.png,2ennujkj,2ennujkj,True,8,8
2flvu7n-0.png,2flvu7n,2flvu7n,True,7,7
2fxuos-0.png,2fxuos,2fxu0s,False,5,6
2fyohm-0.png,2fyohm,2cceztolacm,False,1,6
2gblw7-0.png,2gblw7,2gblul7,False,4,6
2gqulnll-0.png,2gqulnll,2cqulnll,False,7,8
2gslhci-0.png,2gslhci,2ldslhcj,False,1,7
2k1xlp-0.png,2k1xlp,2k1klp,False,5,6
2llyxsn-0.png,2llyxsn,2llyk5n,False,5,7
2lulzl-0.png,2lulzl,2lulzl,True,6,6
2lzly-0.png,2lzly,2lzly,True,5,5
2mo9qj39-0.png,2mo9qj39,2mo9qj39,True,8,8
2mvjsa-0.png,2mvjsa,2mvjsa,True,6,6
2n2lt3lx-0.png,2n2lt3lx,2n2lt3lx,True,8,8
2njlt4-0.png,2njlt4,znjif4,False,3,6
2o6f-0.png,2o6f,2o6f,True,4,4
2oa73-0.png,2oa73,2oa73,True,5,5
2oy2f9-0.png,2oy2f9,zoy2f9,False,5,6
2p6wwybk-0.png,2p6wwybk,2p6wwubk,False,7,8
2qhqtv2-0.png,2qhqtv2,24ckc4czrnc2,False,1,7
2rs4jvyr-0.png,2rs4jvyr,2rs4juyr,False,7,8
2sp9gvbi-0.png,2sp9gvbi,25pggv8l,False,4,8
2sxkz2vj-0.png,2sxkz2vj,2sxkz2vj,True,8,8
2t02x-0.png,2t02x,2t02x,True,5,5
2txh8-0.png,2txh8,2txh8,True,5,5
2tyw3-0.png,2tyw3,2tm3,False,2,5
2u6t6-0.png,2u6t6,z86t6,False,3,5
2v2n13je-0.png,2v2n13je,2v2n13je,True,8,8
2vapwy-0.png,2vapwy,2vapwy,True,6,6
2w02hm0-0.png,2w02hm0,2w02hmg,False,6,7
2x7qps0-0.png,2x7qps0,axfqps0,False,5,7
2y11w-0.png,2y11w,211w,False,2,5
2y43vf-0.png,2y43vf,2yla0df,False,2,6
2ybig03-0.png,2ybig03,2ybig03,True,7,7
2yjlz-0.png,2yjlz,2yjlz,True,5,5
2yqdk-0.png,2yqdk,2yqdk,True,5,5
2zkfhs1n-0.png,2zkfhs1n,zzkfhs1d,False,6,8
2zs3-0.png,2zs3,2zs3,True,4,4
30rju0c-0.png,30rju0c,30nu0c,False,2,7
31qylq-0.png,31qylq,31qylq,True,6,6
327gm-0.png,327gm,327gm,True,5,5
32evcjk8-0.png,32evcjk8,z2kygikb,False,2,8
32llr-0.png,32llr,32llr,True,5,5
345ar-0.png,345ar,345ar,True,5,5
35av6-0.png,35av6,35av6,True,5,5
36ev8oi-0.png,36ev8oi,36ovsoi,False,5,7
379cfumx-0.png,379cfumx,3pgcfunk,False,4,8
386h7-0.png,386h7,386h7,True,5,5
38v2mv-0.png,38v2mv,zby2my,False,2,6
39fyn9-0.png,39fyn9,39fyn9,True,6,6
39uww47-0.png,39uww47,39uww47,True,7,7
3aa8-0.png,3aa8,3oo8,False,2,4
3aut4-0.png,3aut4,8aut4,False,4,5
3c0l-0.png,3c0l,xd,False,0,4
3e006-0.png,3e006,w006,False,1,5
3easf-0.png,3easf,3eef,False,2,5
3eyys-0.png,3eyys,3eyvs,False,4,5
3flp3ljj-0.png,3flp3ljj,z7flcl7lvvvccr5i,False,1,8
3fv5o-0.png,3fv5o,afv80,False,2,5
3g34h-0.png,3g34h,344h,False,1,5
3g79jlr-0.png,3g79jlr,3g79jlr,True,7,7
3h09-0.png,3h09,3h09,True,4,4
3ia0oel-0.png,3ia0oel,3a8el,False,1,7
3ido1q0-0.png,3ido1q0,3ldo1q0,False,6,7
3j61hll-0.png,3j61hll,3j61i1ll,False,5,7
3ll4-0.png,3ll4,3h4,False,1,4
3lsrj-0.png,3lsrj,3krj,False,1,5
3ltl6jon-0.png,3ltl6jon,3ltl6j0n,False,7,8
3m22-0.png,3m22,3m2z,False,3,4
3mlhaz-0.png,3mlhaz,3mwr,False,2,6
3mtklt8z-0.png,3mtklt8z,3mtklt8z,True,8,8
3n6o-0.png,3n6o,3k0,False,1,4
3nnz7pka-0.png,3nnz7pka,mnz7m,False,1,8
3nw0pr-0.png,3nw0pr,3nwopr,False,5,6
3ov5w-0.png,3ov5w,3ov5w,True,5,5
3oznefk-0.png,3oznefk,30znefk,False,6,7
3psc-0.png,3psc,3p5c,False,3,4
3q9kl33x-0.png,3q9kl33x,3q8kl88x,False,5,8
3r677-0.png,3r677,3r677,True,5,5
3sf2j-0.png,3sf2j,3sf2j,True,5,5
3sl0de-0.png,3sl0de,3sl0dc,False,5,6
3smhli-0.png,3smhli,3smhli,True,6,6
3v02-0.png,3v02,3v02,True,4,4
3v1p-0.png,3v1p,3v1p,True,4,4
3vslm-0.png,3vslm,3vslm,True,5,5
3w4cxb4-0.png,3w4cxb4,3w4vcxb4,False,3,7
3wif-0.png,3wif,3wv,False,2,4
3wpp-0.png,3wpp,3wpp,True,4,4
3y9sdh-0.png,3y9sdh,3y96dh,False,5,6
3ymowwi-0.png,3ymowwi,3ymowwl,False,6,7
3yyklwn-0.png,3yyklwn,2yynlhn,False,4,7
3za8zi-0.png,3za8zi,3za8zi,True,6,6
40q5v7l2-0.png,40q5v7l2,40q5v7l2,True,8,8
40rw5-0.png,40rw5,4orw5,False,4,5
40zs1-0.png,40zs1,40zs1,True,5,5
42fs-0.png,42fs,47olfs,False,1,4
42g6nro-0.png,42g6nro,42g6nro,True,7,7
438j245-0.png,438j245,438i2y5,False,5,7
43uquhed-0.png,43uquhed,43uquhed,True,8,8
45weu-0.png,45weu,46ljmu,False,1,5
48nd6j-0.png,48nd6j,48nd6j,True,6,6
48qgg4t-0.png,48qgg4t,480gg4t,False,6,7
4943m-0.png,4943m,4a43m,False,4,5
49uqb-0.png,49uqb,bgw2r,False,0,5
4azbsnf4-0.png,4azbsnf4,4azb5nf4,False,7,8
4b3eze4x-0.png,4b3eze4x,7bjezeyx,False,5,8
4bsoa-0.png,4bsoa,4bsoa,True,5,5
4bvb5-0.png,4bvb5,4bvb5,True,5,5
4bzcur8r-0.png,4bzcur8r,4bzcur8r,True,8,8
4cjt-0.png,4cjt,4cjt,True,4,4
4cyx-0.png,4cyx,4cyx,True,4,4
4d3bh-0.png,4d3bh,4w1,False,1,5
4d6ddrc-0.png,4d6ddrc,4d6ddrc,True,7,7
4dbe-0.png,4dbe,4dbe,True,4,4
4drah-0.png,4drah,4drah,True,5,5
4dxxn2-0.png,4dxxn2,4dxxn2,True,6,6
4dzwx-0.png,4dzwx,4dzwx,True,5,5
4eb0ys-0.png,4eb0ys,4eb0ys,True,6,6
4edetz3-0.png,4edetz3,4edetz3,True,7,7
4erp-0.png,4erp,asrb,False,1,4
4fxwgg4-0.png,4fxwgg4,4fxwgg4,True,7,7
4g453z3p-0.png,4g453z3p,4g453z3p,True,8,8
4gbj3dq-0.png,4gbj3dq,46tj3dq,False,5,7
4ggz8z-0.png,4ggz8z,48cs8z,False,3,6
4hdb-0.png,4hdb,4kdb,False,3,4
4hjvpr-0.png,4hjvpr,4hjvpr,True,6,6
4howdgcj-0.png,4howdgcj,4howdgcj,True,8,8
4hqru-0.png,4hqru,4hqru,True,5,5
4hty698-0.png,4hty698,4hty69b,False,6,7
4hycg-0.png,4hycg,4hyc6,False,4,5
4ina3nwq-0.png,4ina3nwq,4irrrja3rrrjwq,False,2,8
4jyag-0.png,4jyag,hjyag,False,4,5
4khjkel-0.png,4khjkel,4mxl,False,1,7
4kw6xv-0.png,4kw6xv,4kw6xv,True,6,6
4lg11-0.png,4lg11,4lg11,True,5,5
4lkb-0.png,4lkb,4lk8,False,3,4
4ll943lc-0.png,4ll943lc,tth43ic,False,0,8
4mby0ex-0.png,4mby0ex,4mby0ex,True,7,7
4n6z-0.png,4n6z,406z,False,3,4
4nilkw-0.png,4nilkw,fnilkn,False,4,6
4nt8w-0.png,4nt8w,4nt8w,True,5,5
4o2pd-0.png,4o2pd,4o2pd,True,5,5
4o2s-0.png,4o2s,40rs,False,2,4
4ofpfnr-0.png,4ofpfnr,4ofpfflk3,False,5,7
4otur3lm-0.png,4otur3lm,4otur3lm,True,8,8
4ox0xwz-0.png,4ox0xwz,4oxoxuz,False,5,7
4pz2t1zb-0.png,4pz2t1zb,4pz2t1ze,False,7,8
4rlub61-0.png,4rlub61,4hh61,False,1,7
4sc9-0.png,4sc9,4scg,False,3,4
4sotv-0.png,4sotv,tts0tv,False,0,5
4vzdt-0.png,4vzdt,4vz0t,False,4,5
4w2d1-0.png,4w2d1,4w2d1,True,5,5
4wqu-0.png,4wqu,4wqu,True,4,4
4y8soox-0.png,4y8soox,4y8s0ox,False,6,7
4zr0ay-0.png,4zr0ay,4zr0qy,False,5,6
505bfqaw-0.png,505bfqaw,505bf44z,False,5,8
50qszg-0.png,50qszg,5nqszg,False,5,6
51tm1m-0.png,51tm1m,51tnl1nl,False,3,6
52cr-0.png,52cr,52cr,True,4,4
5541y-0.png,5541y,5541y,True,5,5
56zqhv-0.png,56zqhv,56zehv,False,5,6
57aktxh-0.png,57aktxh,67aktxh,False,6,7
57l7ozfm-0.png,57l7ozfm,57l70zfm,False,7,8
57mwra-0.png,57mwra,57mwra,True,6,6
57z6amy5-0.png,57z6amy5,57z6amv5,False,7,8
58vxyzo-0.png,58vxyzo,58vxyz0,False,6,7
59cjavrg-0.png,59cjavrg,59cjavrg,True,8,8
5ao2-0.png,5ao2,5ao2,True,4,4
5ax4gqv8-0.png,5ax4gqv8,sax4gqv8,False,7,8
5bsl06-0.png,5bsl06,5dsl06,False,5,6
5buf-0.png,5buf,5buc,False,3,4
5bv9m-0.png,5bv9m,5bv9m,True,5,5
5d7659-0.png,5d7659,6dio69,False,2,6
5dhl0wds-0.png,5dhl0wds,5dhl0wds,True,8,8
5e8nthf-0.png,5e8nthf,5ce8nahf5,False,1,7
5ew8rwby-0.png,5ew8rwby,5ew8rwby,True,8,8
5fh6qvjv-0.png,5fh6qvjv,5fh6qvjv,True,8,8
5fx3r3h-0.png,5fx3r3h,5fk3i3a,False,4,7
5g22f-0.png,5g22f,sg22f,False,4,5
5g3zxw6n-0.png,5g3zxw6n,5gazxw6ny,False,7,8
5gnom-0.png,5gnom,5gn0m,False,4,5
5gxru5c-0.png,5gxru5c,5gkru5c,False,6,7
5hquho-0.png,5hquho,5hquho,True,6,6
5iyp-0.png,5iyp,5i4n,False,2,4
5kag-0.png,5kag,5ha0,False,2,4
5klh-0.png,5klh,5klh,True,4,4
5lpve-0.png,5lpve,5ipve,False,4,5
5lqfxb-0.png,5lqfxb,5iofxb,False,4,6
5mi1hb-0.png,5mi1hb,5lt7irifit,False,1,6
5nkkc244-0.png,5nkkc244,5ilkkc2llll,False,2,8
5ns95-0.png,5ns95,5ns95,True,5,5
5qktumj-0.png,5qktumj,5qkrumj,False,6,7
5qzyntfq-0.png,5qzyntfq,5qzyntfq,True,8,8
5rc37-0.png,5rc37,5ru,False,2,5
5rnv1ah1-0.png,5rnv1ah1,5rnv1ah1,True,8,8
5rrvmra-0.png,5rrvmra,5rrvmra,True,7,7
5ry4908-0.png,5ry4908,5ry4qq8,False,5,7
5u24m-0.png,5u24m,5u24m,True,5,5
5u5bn-0.png,5u5bn,45h,False,0,5
5u6kf9x-0.png,5u6kf9x,5u6kf8x,False,6,7
5umc-0.png,5umc,5uhc,False,3,4
5unc7-0.png,5unc7,6unc7,False,4,5
5unrn-0.png,5unrn,8dnrn,False,3,5
5unt2o-0.png,5unt2o,5unt2o,True,6,6
5wqfn9sb-0.png,5wqfn9sb,wqhh,False,0,8
5x53y583-0.png,5x53y583,5x53y583,True,8,8
5xdkm-0.png,5xdkm,5xdkm,True,5,5
5xg9-0.png,5xg9,5xg9,True,4,4
5xnhd3u-0.png,5xnhd3u,sxnhd3u,False,6,7
5yr6km-0.png,5yr6km,5yr6km,True,6,6
5z4z-0.png,5z4z,5z4z,True,4,4
5z9sa-0.png,5z9sa,5z9sa,True,5,5
5zlui1t-0.png,5zlui1t,5zlui1t,True,7,7
6046f2bl-0.png,6046f2bl,6046fzkl,False,6,8
60dmyc0q-0.png,60dmyc0q,60dwyc0q,False,7,8
60rk8nk7-0.png,60rk8nk7,60rk8nk7,True,8,8
61mxp8b-0.png,61mxp8b,6lmxp0b,False,5,7
62h2rq-0.png,62h2rq,62h2rq,True,6,6
63xk-0.png,63xk,63xk,True,4,4
63zdn-0.png,63zdn,63zdn,True,5,5
640042-0.png,640042,640042,True,6,6
64alz-0.png,64alz,64alz,True,5,5
64q0-0.png,64q0,64q0,True,4,4
66qv60-0.png,66qv60,66q460,False,5,6
66yeec0o-0.png,66yeec0o,66yeec0d,False,7,8
674yz-0.png,674yz,674yz,True,5,5
6887qv-0.png,6887qv,68870v,False,5,6
68nyv-0.png,68nyv,60a4u,False,1,5
69a27m-0.png,69a27m,69a27m,True,6,6
6b8qqt-0.png,6b8qqt,688qqt,False,5,6
6cn8khq-0.png,6cn8khq,bn8ba,False,0,7
6dr3-0.png,6dr3,caxv,False,0,4
6e2y-0.png,6e2y,gezy,False,2,4
6e8ky5vl-0.png,6e8ky5vl,6o8w5vl,False,2,8
6gmo0yhp-0.png,6gmo0yhp,6gmc0yt1p,False,5,8
6i4pw-0.png,6i4pw,6i4pw,True,5,5
6ip3gj8w-0.png,6ip3gj8w,6ip39j8w,False,7,8
6jeolrb-0.png,6jeolrb,6jeolrb,True,7,7
6jgczv-0.png,6jgczv,wky,False,0,6
6k8o3yk-0.png,6k8o3yk,6x8c3yk,False,5,7
6l3x4ab2-0.png,6l3x4ab2,6l3x4ab2,True,8,8
6lkxo5-0.png,6lkxo5,6lkx05,False,5,6
6mh8nbc-0.png,6mh8nbc,6mh8kbc,False,6,7
6nez-0.png,6nez,6nez,True,4,4
6nizx-0.png,6nizx,cmizx,False,3,5
6oqlrct-0.png,6oqlrct,6oqlvct,False,6,7
6p9kg-0.png,6p9kg,6pgk6,False,3,5
6r2f1-0.png,6r2f1,6kzf1,False,3,5
6rnl-0.png,6rnl,6ral,False,3,4
6rqy5-0.png,6rqy5,6rqy5,True,5,5
6rsm5vbv-0.png,6rsm5vbv,6rsm5vbv,True,8,8
6s82khq-0.png,6s82khq,6s82khq,True,7,7
6tpoxl-0.png,6tpoxl,6tp0xl,False,5,6
6u7o2j0-0.png,6u7o2j0,6ll7o2j0,False,1,7
6uc8lxm-0.png,6uc8lxm,sucblxm,False,5,7
6ud6o-0.png,6ud6o,8cd8e,False,1,5
6uj1k-0.png,6uj1k,6ulak,False,3,5
6umph5p0-0.png,6umph5p0,6umph5p0,True,8,8
6vt9-0.png,6vt9,6vt9,True,4,4
6xhz-0.png,6xhz,6xhz,True,4,4
6yjb6-0.png,6yjb6,6yjb6,True,5,5
6yub4j6-0.png,6yub4j6,6yub4j6,True,7,7
6ziffcz-0.png,6ziffcz,6ziffcz,True,7,7
70vh-0.png,70vh,70vh,True,4,4
71ultls-0.png,71ultls,71ultl5,False,6,7
728h-0.png,728h,728h,True,4,4
72cr-0.png,72cr,72cr,True,4,4
72ok-0.png,72ok,72ok,True,4,4
72qrkw-0.png,72qrkw,72qrkw,True,6,6
74d5nqg7-0.png,74d5nqg7,74d5nqg,False,7,8
75jc4s-0.png,75jc4s,75sck,False,3,6
765xos8-0.png,765xos8,765ko5b,False,4,7
78l9-0.png,78l9,78l9,True,4,4
797v-0.png,797v,797v,True,4,4
79coxr-0.png,79coxr,79cdkr,False,4,6
79ioqkt-0.png,79ioqkt,79ioqkt,True,7,7
79kr-0.png,79kr,79kr,True,4,4
79nl-0.png,79nl,79nl,True,4,4
7al8s1cr-0.png,7al8s1cr,7ahskr,False,2,8
7atr4vpn-0.png,7atr4vpn,7atr4vpn,True,8,8
7ch9mno-0.png,7ch9mno,y7ch9nino,False,1,7
7d02g-0.png,7d02g,7d02g,True,5,5
7dfpwcv-0.png,7dfpwcv,rdfpmcu,False,4,7
7dp41-0.png,7dp41,7dp41,True,5,5
7dxl-0.png,7dxl,70xi,False,2,4
7e5o36h-0.png,7e5o36h,7o8oa6h,False,4,7
7f3t77yk-0.png,7f3t77yk,7f3k77yk,False,7,8
7f53hf-0.png,7f53hf,7fe5ai1fe,False,2,6
7gdnfemv-0.png,7gdnfemv,7gdnfemv,True,8,8
7h0a-0.png,7h0a,7rz0a,False,1,4
7i1o5e3-0.png,7i1o5e3,7iio523,False,5,7
7ib15-0.png,7ib15,7ib15,True,5,5
7juo675-0.png,7juo675,7juo675,True,7,7
7llyl4h-0.png,7llyl4h,7llyl4hz,False,7,7
7n9jlm-0.png,7n9jlm,7n905lm,False,3,6
7olxc3k-0.png,7olxc3k,7olxc3k,True,7,7
7oq8-0.png,7oq8,7oq8,True,4,4
7q0agge-0.png,7q0agge,7q0agge,True,7,7
7q0s9-0.png,7q0s9,7q0s8,False,4,5
7qbyo-0.png,7qbyo,7qby0,False,4,5
7qz0lfx-0.png,7qz0lfx,7qzoifx,False,5,7
7rhv9-0.png,7rhv9,ah8,False,0,5
7ro3nfy-0.png,7ro3nfy,5om,False,0,7
7tei-0.png,7tei,7te8,False,3,4
7udyuhg-0.png,7udyuhg,7udyuhc,False,6,7
7uj27-0.png,7uj27,7ujc7,False,4,5
7uyg2l-0.png,7uyg2l,7uko2l,False,4,6
7v1pp-0.png,7v1pp,7v7pp,False,4,5
7vseu-0.png,7vseu,7vseu,True,5,5
7xd9dnsu-0.png,7xd9dnsu,7xd9dnylc,False,6,8
7xfza9sy-0.png,7xfza9sy,7xfza9sy,True,8,8
7y05t-0.png,7y05t,7y05t,True,5,5
7yd13j-0.png,7yd13j,3bf5l,False,0,6
7zhp-0.png,7zhp,7zhp,True,4,4
7zns-0.png,7zns,7zns,True,4,4
80fntlo-0.png,80fntlo,80fntl0,False,6,7
80qkq-0.png,80qkq,809k9,False,3,5
80xo-0.png,80xo,80xo,True,4,4
81dbfmjt-0.png,81dbfmjt,81dbfmjt,True,8,8
81jv-0.png,81jv,81jv,True,4,4
825u-0.png,825u,lell,False,0,4
83ii1ma7-0.png,83ii1ma7,b3ii1ma1,False,6,8
8437vw2-0.png,8437vw2,04j7v11l2,False,3,7
845ios-0.png,845ios,845le8,False,3,6
847n4v-0.png,847n4v,847n4v,True,6,6
857txd-0.png,857txd,85crritxa,False,2,6
85yt3-0.png,85yt3,85yla,False,3,5
86zf1-0.png,86zf1,86zf1,True,5,5
88do-0.png,88do,8800,False,2,4
88gtnpju-0.png,88gtnpju,88gtnpju,True,8,8
8954-0.png,8954,8954,True,4,4
89uxia-0.png,89uxia,89uhi2,False,4,6
8a27-0.png,8a27,8az7,False,3,4
8cmn-0.png,8cmn,8cmn,True,4,4
8drskum-0.png,8drskum,8diskiziii,False,4,7
8dz3-0.png,8dz3,8dz3,True,4,4
8ej7j-0.png,8ej7j,8ej7j,True,5,5
8eqthhxs-0.png,8eqthhxs,beqwh,False,3,8
8f37hk9-0.png,8f37hk9,8f37hk9,True,7,7
8fa95b-0.png,8fa95b,8fe95,False,4,6
8fh1jn7o-0.png,8fh1jn7o,8fyli1iiiri7o,False,2,8
8fhur-0.png,8fhur,8fhur,True,5,5
8ga7-0.png,8ga7,6ga7,False,3,4
8gjjfa-0.png,8gjjfa,8gjjfa,True,6,6
8gs204ht-0.png,8gs204ht,8os204ht,False,7,8
8gti-0.png,8gti,8gti,True,4,4
8gvjbeg-0.png,8gvjbeg,8gvjbeg,True,7,7
8haa6hf-0.png,8haa6hf,8haa6n,False,5,7
8hr836-0.png,8hr836,8h2836,False,5,6
8jhd43-0.png,8jhd43,0jhd4a,False,4,6
8jmqsxc-0.png,8jmqsxc,8imqsxc,False,6,7
8jqv6j-0.png,8jqv6j,8jqv6j,True,6,6
8jyb-0.png,8jyb,8jyt,False,3,4
8k5y2-0.png,8k5y2,8k5y2,True,5,5
8kpdpt-0.png,8kpdpt,8kpdpt,True,6,6
8m5k7-0.png,8m5k7,8rn5k7,False,1,5
8p2da-0.png,8p2da,8p20n,False,3,5
8py2-0.png,8py2,8py2,True,4,4
8ry9l4e-0.png,8ry9l4e,8ry9l4e,True,7,7
8s3cl-0.png,8s3cl,bs3cl,False,4,5
8sjkrn-0.png,8sjkrn,8sxrn,False,2,6
8t95-0.png,8t95,8t95,True,4,4
8u7c6-0.png,8u7c6,ze7c6,False,3,5
8vj93y-0.png,8vj93y,dvjy3x,False,3,6
8vks9h-0.png,8vks9h,8vks9h,True,6,6
8vlq5ln-0.png,8vlq5ln,8vlq5ln,True,7,7
8vs59cma-0.png,8vs59cma,8u45dced,False,3,8
8vvo6nxj-0.png,8vvo6nxj,8vvo6nxj,True,8,8
8w853lv-0.png,8w853lv,8w853lv,True,7,7
8wcq-0.png,8wcq,8wc8,False,3,4
8xbs5m1-0.png,8xbs5m1,8xbs5m1,True,7,7
8y3quw-0.png,8y3quw,8y3quw,True,6,6
8y9a-0.png,8y9a,8y9a,True,4,4
8yelx3b2-0.png,8yelx3b2,0yelxjbi,False,5,8
905l4de-0.png,905l4de,905l4de,True,7,7
916r-0.png,916r,916r,True,4,4
92itgl-0.png,92itgl,92itgl,True,6,6
92mhb-0.png,92mhb,32mhb,False,4,5
93tlh-0.png,93tlh,93tldi,False,4,5
94k7yft-0.png,94k7yft,94k7yft,True,7,7
95j98se-0.png,95j98se,95j98se,True,7,7
95ticg-0.png,95ticg,95ticg,True,6,6
96wm-0.png,96wm,96wm,True,4,4
97vl-0.png,97vl,9pul,False,2,4
982zt-0.png,982zt,982zt,True,5,5
989gqi-0.png,989gqi,0e0gqi,False,3,6
98en60a-0.png,98en60a,8een6oa,False,4,7
98kt9if-0.png,98kt9if,o8kto2f,False,4,7
98zdn-0.png,98zdn,982dn,False,4,5
9a8w-0.png,9a8w,9a8w,True,4,4
9abo-0.png,9abo,9abo,True,4,4
9b84c7sq-0.png,9b84c7sq,8a8y07jq,False,3,8
9bf9-0.png,9bf9,9v9,False,1,4
9cd1r-0.png,9cd1r,9cu1r,False,4,5
9d6a-0.png,9d6a,9d6a,True,4,4
9e1e5t3-0.png,9e1e5t3,9e7e5t3,False,6,7
9ecqisn-0.png,9ecqisn,gecqi8n,False,5,7
9eub-0.png,9eub,9eub,True,4,4
9h7ucby-0.png,9h7ucby,9h7eidy,False,4,7
9ic2560-0.png,9ic2560,9ic2560,True,7,7
9jne-0.png,9jne,9jne,True,4,4
9jr3bv6-0.png,9jr3bv6,9jrabv6,False,6,7
9k0r3u89-0.png,9k0r3u89,9k0r3u89,True,8,8
9ko8gb7-0.png,9ko8gb7,qko8gb7,False,6,7
9koflf-0.png,9koflf,9hoflf,False,5,6
9kt2e50-0.png,9kt2e50,9kt2e50,True,7,7
9ky868f-0.png,9ky868f,9ky868f,True,7,7
9l7bkna-0.png,9l7bkna,9p7bknq,False,5,7
9lv56clg-0.png,9lv56clg,dl756otz,False,3,8
9o9vjrf-0.png,9o9vjrf,9o9vjrb,False,6,7
9odszww-0.png,9odszww,0dszwm,False,0,7
9pzd05-0.png,9pzd05,9pz005,False,5,6
9q8et-0.png,9q8et,9q8et,True,5,5
9q8x5jar-0.png,9q8x5jar,9a2z68gg,False,1,8
9roi-0.png,9roi,9rol,False,3,4
9roz-0.png,9roz,9roz,True,4,4
9snz6yol-0.png,9snz6yol,9snz6yol,True,8,8
9tjryy-0.png,9tjryy,7tjryy,False,5,6
9tml6-0.png,9tml6,9tml6,True,5,5
9uto8-0.png,9uto8,9uto8,True,5,5
9uvr0ib-0.png,9uvr0ib,9zrqb,False,1,7
9vvf-0.png,9vvf,gvvf,False,3,4
9w2kf6-0.png,9w2kf6,9w2ks6,False,5,6
9w7u-0.png,9w7u,qw7u,False,3,4
9x4a-0.png,9x4a,8x4a,False,3,4
9xawh3yg-0.png,9xawh3yg,w3yq,False,0,8
9xrjkpv3-0.png,9xrjkpv3,4rr1kpv3,False,5,8
9y4j9qb5-0.png,9y4j9qb5,944j9qb5,False,7,8
9ylh81c3-0.png,9ylh81c3,9yhh,False,3,8
a05d1v-0.png,a05d1v,a05d1v,True,6,6
a078ls-0.png,a078ls,a0784s,False,5,6
a09mmm-0.png,a09mmm,a0gmmm,False,5,6
a0p3v7-0.png,a0p3v7,aoq3v1,False,3,6
a0sp1ytr-0.png,a0sp1ytr,a0sp1ytr,True,8,8
a0vz-0.png,a0vz,a0vz,True,4,4
a3am-0.png,a3am,g3gm,False,2,4
a3lb-0.png,a3lb,a3lb,True,4,4
a4eer5-0.png,a4eer5,a4eer5,True,6,6
a6d6ejh-0.png,a6d6ejh,a6d6ejk,False,6,7
a7boq-0.png,a7boq,a7b0q,False,4,5
a7hna-0.png,a7hna,o7hnd,False,3,5
a7nft-0.png,a7nft,a7nff,False,4,5
a9wr-0.png,a9wr,a9wr,True,4,4
ab3t-0.png,ab3t,cb3t,False,3,4
abkn-0.png,abkn,aekn,False,3,4
ac0k2ac-0.png,ac0k2ac,ac0k2ac,True,7,7
acukt0vo-0.png,acukt0vo,acukt0vc,False,7,8
adjw-0.png,adjw,adjw,True,4,4
aettyxdl-0.png,aettyxdl,v2tkykdi,False,3,8
aeylheco-0.png,aeylheco,aeylxew,False,5,8
af5tfh-0.png,af5tfh,af5tfh,True,6,6
affv2-0.png,affv2,affv2,True,5,5
ag2hnuw4-0.png,ag2hnuw4,ae2wnuwv,False,5,8
ah9z-0.png,ah9z,ah9z,True,4,4
ahmw48r0-0.png,ahmw48r0,amwm,False,1,8
ahpho-0.png,ahpho,rttqtt0,False,0,5
ai6j7gu-0.png,ai6j7gu,aiel7gu,False,5,7
airp-0.png,airp,rzrpll,False,2,4
aiu0q3n5-0.png,aiu0q3n5,aiu0q3n5,True,8,8
aiwh-0.png,aiwh,azwr,False,2,4
aj0w0o-0.png,aj0w0o,alowoo,False,3,6
ajej-0.png,ajej,ajej,True,4,4
ajst-0.png,ajst,njsi,False,2,4
akc39-0.png,akc39,ckc39,False,4,5
akf8ol-0.png,akf8ol,al4f8ol,False,1,6
al0n8u7a-0.png,al0n8u7a,a10n8u7a,False,7,8
al5oidta-0.png,al5oidta,al5oidta,True,8,8
al9teh-0.png,al9teh,al9teh,True,6,6
alj0qd-0.png,alj0qd,alj0qd,True,6,6
am1jamnx-0.png,am1jamnx,aml2lljamnx,False,2,8
am3zutsp-0.png,am3zutsp,am3zutsp,True,8,8
ambcqo-0.png,ambcqo,ombcqo,False,5,6
angpr-0.png,angpr,angpr,True,5,5
aogwhj3y-0.png,aogwhj3y,aogwhj3y,True,8,8
aotaaj-0.png,aotaaj,actaaj,False,5,6
aova-0.png,aova,aova,True,4,4
ap7v1co5-0.png,ap7v1co5,ad7v1co5,False,7,8
apf9kx-0.png,apf9kx,aecohlx,False,1,6
apl94-0.png,apl94,apl94,True,5,5
aqq8-0.png,aqq8,aqo8,False,3,4
asdrpxpf-0.png,asdrpxpf,obdrpvpf,False,5,8
ati99er-0.png,ati99er,atiq9er,False,6,7
atwip0-0.png,atwip0,qtwip0,False,5,6
aumb-0.png,aumb,3ho,False,0,4
aup1v-0.png,aup1v,aup1v,True,5,5
awsb9h-0.png,awsb9h,awsbg8,False,4,6
axiy-0.png,axiy,rxiy,False,3,4
aybws-0.png,aybws,aybw5,False,4,5
azcl8sm-0.png,azcl8sm,azcl8s5m,False,6,7
b10cjyh5-0.png,b10cjyh5,bi0cjyh5,False,7,8
b30srp-0.png,b30srp,b3osrp,False,5,6
b359qg64-0.png,b359qg64,b359qg64,True,8,8
b37if3k-0.png,b37if3k,837if3k,False,6,7
b3okru3-0.png,b3okru3,b3okru3,True,7,7
b45vlav3-0.png,b45vlav3,b45vlav3,True,8,8
b4bo0u-0.png,b4bo0u,b4boou,False,5,6
b4dmm-0.png,b4dmm,bskaa,False,1,5
b4gvghd-0.png,b4gvghd,b4gughd,False,6,7
b842ks-0.png,b842ks,bg42ks,False,5,6
b9opk-0.png,b9opk,b9opk,True,5,5
bayvlbf-0.png,bayvlbf,dd0fldf,False,2,7
bc8nk-0.png,bc8nk,bc8nk,True,5,5
be1nxzo-0.png,be1nxzo,er3nnhz2,False,1,7
be5bvz-0.png,be5bvz,be5bvz,True,6,6
berxkmm-0.png,berxkmm,berxkmm,True,7,7
bf90d36-0.png,bf90d36,bfq0cec,False,3,7
bg2l-0.png,bg2l,bg2l,True,4,4
bgre1-0.png,bgre1,o9rel,False,2,5
bh8fm4-0.png,bh8fm4,bli86rn4l,False,1,6
bi4tclt-0.png,bi4tclt,liitell,False,3,7
bilfoyvf-0.png,bilfoyvf,88lf0vvf,False,4,8
bkgkg-0.png,bkgkg,bkeke,False,3,5
bksz4-0.png,bksz4,bksz4,True,5,5
ble2-0.png,ble2,ble2,True,4,4
bms2xok-0.png,bms2xok,bms2xck,False,6,7
bof0-0.png,bof0,8of0,False,3,4
borm8q-0.png,borm8q,b0rm8q,False,5,6
botts4p-0.png,botts4p,botts4p,True,7,7
bpc5hioe-0.png,bpc5hioe,bpc5tiioe,False,5,8
bpqy-0.png,bpqy,bpqy,True,4,4
br70-0.png,br70,bm0,False,1,4
bs8pvh-0.png,bs8pvh,bs8pvh,True,6,6
bsmh-0.png,bsmh,bsmh,True,4,4
btzh-0.png,btzh,btzh,True,4,4
bwkx-0.png,bwkx,bwkx,True,4,4
by0nq5-0.png,by0nq5,by0nq5,True,6,6
bzb9o8f7-0.png,bzb9o8f7,bz89o8f7,False,7,8
bzx-0.png,bzx,bzx,True,3,3
c0u7m-0.png,c0u7m,c0u7m,True,5,5
c1dq8-0.png,c1dq8,cldqb,False,3,5
c1ja0-0.png,c1ja0,c7ja0,False,4,5
c3mh-0.png,c3mh,c3mh,True,4,4
c56kq-0.png,c56kq,c56kq,True,5,5
c5lbod-0.png,c5lbod,c5lb0d,False,5,6
c61s-0.png,c61s,c615,False,3,4
c8egw6f-0.png,c8egw6f,c8egw6f,True,7,7
c8llpq3q-0.png,c8llpq3q,c8lipo3o,False,5,8
c9azl-0.png,c9azl,c9azl,True,5,5
cb0zfw-0.png,cb0zfw,cb0zfw,True,6,6
cc8am3d-0.png,cc8am3d,cc8am3d,True,7,7
ccd2k-0.png,ccd2k,ccd2lc,False,4,5
ccmk-0.png,ccmk,ccmk,True,4,4
ccphknh-0.png,ccphknh,ccphknh,True,7,7
cczqr7m-0.png,cczqr7m,cczqs7m,False,6,7
cd2h9-0.png,cd2h9,cd2k9,False,4,5
cd7zah-0.png,cd7zah,cd7zah,True,6,6
cdavw-0.png,cdavw,cdavw,True,5,5
cdlw-0.png,cdlw,ldiw,False,2,4
cell0l6c-0.png,cell0l6c,cell0l6c,True,8,8
cezc6r9-0.png,cezc6r9,cezc6r9,True,7,7
cfqgi-0.png,cfqgi,cfq6l,False,3,5
cg16-0.png,cg16,cg16,True,4,4
chle6v3-0.png,chle6v3,ctdle6v3,False,1,7
chs2l-0.png,chs2l,cil4i,False,1,5
ci2yg-0.png,ci2yg,clb4g,False,2,5
ci82-0.png,ci82,ci82,True,4,4
ck2pg9-0.png,ck2pg9,ckzpg4,False,4,6
ckowcc3w-0.png,ckowcc3w,ckcwccsw,False,6,8
ckxl-0.png,ckxl,ckxl,True,4,4
clc43-0.png,clc43,clc43,True,5,5
cle3tm-0.png,cle3tm,cl03im,False,4,6
clivi-0.png,clivi,clivi,True,5,5
cllxax-0.png,cllxax,cllxax,True,6,6
clsev-0.png,clsev,chcv,False,1,5
clzjhlz-0.png,clzjhlz,clzcji1lz,False,3,7
cnm7d0b-0.png,cnm7d0b,cnm7d0b,True,7,7
cnr0n-0.png,cnr0n,cnron,False,4,5
co6pmuf-0.png,co6pmuf,c06pmuf,False,6,7
cpkb0lun-0.png,cpkb0lun,cpkbolun,False,7,8
cpuanl-0.png,cpuanl,cpuanl,True,6,6
cq4xj-0.png,cq4xj,cq4xj,True,5,5
ctwvndf2-0.png,ctwvndf2,otwvndf2,False,7,8
ctyged6-0.png,ctyged6,ct42ed6,False,5,7
cukg-0.png,cukg,cukg,True,4,4
cuygj9-0.png,cuygj9,cu7gj1,False,4,6
cvlz-0.png,cvlz,cvia,False,2,4
cvrclgjk-0.png,cvrclgjk,cvrclgjk,True,8,8
cwtje-0.png,cwtje,ehde,False,0,5
cwwtxxdn-0.png,cwwtxxdn,cwwtxxon,False,7,8
cxttv-0.png,cxttv,cxttv,True,5,5
cy02lz06-0.png,cy02lz06,eyozlzoe,False,3,8
czffkx6k-0.png,czffkx6k,czffkk6k,False,7,8
d0ughk-0.png,d0ughk,dcuchk,False,4,6
d17ywl-0.png,d17ywl,0l1ywl,False,3,6
d1p4-0.png,d1p4,d7r4,False,2,4
d3badth-0.png,d3badth,d3bodxh,False,5,7
d4ag-0.png,d4ag,d4ag,True,4,4
d4ls-0.png,d4ls,d4l5,False,3,4
d5xs9bnn-0.png,d5xs9bnn,d5xs9bnn,True,8,8
d5y0-0.png,d5y0,d5y0,True,4,4
d6jceo-0.png,d6jceo,dl4cto,False,3,6
d6llogll-0.png,d6llogll,d6ll0gll,False,7,8
d7tnt-0.png,d7tnt,d7tnt,True,5,5
d9bb-0.png,d9bb,d9bb,True,4,4
d9dpyu-0.png,d9dpyu,d9dpyu,True,6,6
dbhfyd-0.png,dbhfyd,oahfxo,False,2,6
dbj0x5-0.png,dbj0x5,dtjoii5,False,2,6
dbs1ca45-0.png,dbs1ca45,db51ca45,False,7,8
ddq99w-0.png,ddq99w,ddq99w,True,6,6
dew2un6t-0.png,dew2un6t,dew2un6t,True,8,8
df4i-0.png,df4i,dvr4i,False,1,4
dfzr1-0.png,dfzr1,dfzr1,True,5,5
dhgx-0.png,dhgx,dksx,False,2,4
dhol0-0.png,dhol0,arciol0,False,0,5
difuege-0.png,difuege,difuege,True,7,7
diisew16-0.png,diisew16,diise5wi6,False,5,8
djvh-0.png,djvh,djvh,True,4,4
dkpffz3i-0.png,dkpffz3i,dkprrz3l,False,5,8
dl32zbu-0.png,dl32zbu,dl32zbu,True,7,7
dl8w71-0.png,dl8w71,dl8w7i,False,5,6
dlsvh5cr-0.png,dlsvh5cr,disvh5cr,False,7,8
dlu4-0.png,dlu4,dlu4,True,4,4
dm6ocdl-0.png,dm6ocdl,dm60cdl,False,6,7
dmvd-0.png,dmvd,dmvd,True,4,4
dnhr6-0.png,dnhr6,enhr6,False,4,5
dnstkc6-0.png,dnstkc6,dnstkc6,True,7,7
do05fv7a-0.png,do05fv7a,d0o5fv7a,False,6,8
dogbl-0.png,dogbl,dcgbl,False,4,5
dooeac1-0.png,dooeac1,dooeac1,True,7,7
dp8vc-0.png,dp8vc,dp8vc,True,5,5
dpsf5sd-0.png,dpsf5sd,dpsf5sd,True,7,7
dqd8-0.png,dqd8,dqd8,True,4,4
dr1f-0.png,dr1f,dr1f,True,4,4
dsgzv-0.png,dsgzv,ds6zv,False,4,5
dstb9ae-0.png,dstb9ae,05tb9ae,False,5,7
dt1mwp-0.png,dt1mwp,dt1rt1wp,False,3,6
dxyz-0.png,dxyz,0xyz,False,3,4
dydqsftd-0.png,dydqsftd,dydq5ftd,False,7,8
dyfbv-0.png,dyfbv,dlyfbv,False,1,5
dzc50dkp-0.png,dzc50dkp,dzc5qdkp,False,7,8
dzjzg-0.png,dzjzg,dzjzg,True,5,5
e00bl0u-0.png,e00bl0u,e00bl0u,True,7,7
e00wlndt-0.png,e00wlndt,e00wlndt,True,8,8
e2yb5pxs-0.png,e2yb5pxs,t20b5h85,False,3,8
e3zwtu-0.png,e3zwtu,e3zwtu,True,6,6
e6n2vwe-0.png,e6n2vwe,e6n2uwe,False,6,7
e6pbcz1k-0.png,e6pbcz1k,e6pbcz1k,True,8,8
e6ty48q-0.png,e6ty48q,e6ty4bq,False,6,7
e72avg8-0.png,e72avg8,e72avc8,False,6,7
e7r7op0-0.png,e7r7op0,k7ryopo,False,4,7
e8diuj9-0.png,e8diuj9,e8dcui9,False,5,7
e9gjyd6l-0.png,e9gjyd6l,e9gjyd6l,True,8,8
e9ho-0.png,e9ho,e9ho,True,4,4
eapsj-0.png,eapsj,eapsi,False,4,5
eaqhlka4-0.png,eaqhlka4,eaql7ika4,False,3,8
ecvjeott-0.png,ecvjeott,ecvjeoti,False,7,8
eeaveky-0.png,eeaveky,eeavekv,False,6,7
efzjeuuy-0.png,efzjeuuy,efzjeuuv,False,7,8
ehk38u-0.png,ehk38u,chrsz4,False,1,6
ehnskhzj-0.png,ehnskhzj,0hajllllzj,False,1,8
ejpc940k-0.png,ejpc940k,ejpcqh0k,False,6,8
ek0ky-0.png,ek0ky,ek0kv,False,4,5
elavx3-0.png,elavx3,elavx3,True,6,6
emvs-0.png,emvs,cmvs,False,3,4
eoivh-0.png,eoivh,eoivh,True,5,5
eq94jj-0.png,eq94jj,eq94jj,True,6,6
eq9vn3-0.png,eq9vn3,eq9vn3,True,6,6
eqenl-0.png,eqenl,eqenl,True,5,5
eqyl-0.png,eqyl,eqyi,False,3,4
ermoo4-0.png,ermoo4,erlhoc4,False,3,6
es1kt-0.png,es1kt,e51kt,False,4,5
esay1v9-0.png,esay1v9,esay1uq,False,5,7
essl-0.png,essl,essl,True,4,4
etfjev-0.png,etfjev,etfjev,True,6,6
euup-0.png,euup,cuup,False,3,4
evk9e1aa-0.png,evk9e1aa,evk9e1aa,True,8,8
ew2ll-0.png,ew2ll,evzil,False,2,5
ewikf-0.png,ewikf,ewikf,True,5,5
ex2xa-0.png,ex2xa,ex2xa,True,5,5
exig-0.png,exig,exig,True,4,4
exz3r1y4-0.png,exz3r1y4,exz3r1y4,True,8,8
exz3zl-0.png,exz3zl,exz3zl,True,6,6
ey72-0.png,ey72,ey72,True,4,4
eyk2zn9l-0.png,eyk2zn9l,cykzzn9l,False,6,8
eyqul0-0.png,eyqul0,eyqulc,False,5,6
ez5h-0.png,ez5h,ez5h,True,4,4
eznvbmw-0.png,eznvbmw,eznvbmw,True,7,7
f149-0.png,f149,f149,True,4,4
f18eic-0.png,f18eic,fl8elc,False,4,6
f1h0-0.png,f1h0,i1h0,False,3,4
f1r4t-0.png,f1r4t,f1r4t,True,5,5
f2dmz-0.png,f2dmz,f20mz,False,4,5
f3m80-0.png,f3m80,f3m80,True,5,5
f40duv-0.png,f40duv,f40dllv,False,4,6
f48b3-0.png,f48b3,f46p3,False,3,5
f48o-0.png,f48o,f48c,False,3,4
f49sgark-0.png,f49sgark,f49sgark,True,8,8
f5e9-0.png,f5e9,fseg,False,2,4
f5rf7a9-0.png,f5rf7a9,t5n4t2al9,False,1,7
f6554-0.png,f6554,f6554,True,5,5
f68xqlqk-0.png,f68xqlqk,f68kqlqk,False,7,8
f73kv-0.png,f73kv,f73kv,True,5,5
f95n2fh-0.png,f95n2fh,f9sn2fh,False,6,7
f9e4h7-0.png,f9e4h7,f8e4h7,False,5,6
fazgm-0.png,fazgm,faz6m,False,4,5
fd1cwfhl-0.png,fd1cwfhl,rcila2rhl,False,0,8
fdb0-0.png,fdb0,fdc0,False,3,4
ff9w4m3-0.png,ff9w4m3,ff9wttnl3,False,4,7
ffeuj49-0.png,ffeuj49,gfe034q,False,3,7
ffzhl-0.png,ffzhl,ggzekl,False,1,5
fgww-0.png,fgww,fgww,True,4,4
fhjk-0.png,fhjk,fhjk,True,4,4
fkcd6c-0.png,fkcd6c,fkcd6c,True,6,6
fkzdxrta-0.png,fkzdxrta,ikzdxria,False,6,8
fl725xft-0.png,fl725xft,fk7zixf7,False,4,8
fmxc-0.png,fmxc,gnha,False,0,4
fna1yfad-0.png,fna1yfad,fna1yfad,True,8,8
fnbe5l-0.png,fnbe5l,flblsl,False,3,6
fni3o-0.png,fni3o,fni3o,True,5,5
fnszj-0.png,fnszj,fa5z1,False,2,5
fojc5-0.png,fojc5,fojc5,True,5,5
fooaly-0.png,fooaly,f008ly,False,3,6
fp3l8gy-0.png,fp3l8gy,fp3l88y,False,6,7
frf4-0.png,frf4,frf4,True,4,4
frg4r-0.png,frg4r,frg4c,False,4,5
fuk189-0.png,fuk189,fuk784,False,4,6
fukr6x06-0.png,fukr6x06,fukr6x06,True,8,8
fw652-0.png,fw652,fw65z,False,4,5
fx8w6-0.png,fx8w6,fx8lll6,False,3,5
fxakx8-0.png,fxakx8,fxakx8,True,6,6
fxb3wssu-0.png,fxb3wssu,fxb3wssu,True,8,8
fxy5kcx-0.png,fxy5kcx,fxy55kcx,False,4,7
fygzfbbv-0.png,fygzfbbv,fy6zfbbv,False,7,8
fyhq8-0.png,fyhq8,f4hq8,False,4,5
fyqrwuqw-0.png,fyqrwuqw,fyqrwuqw,True,8,8
fzgwqo-0.png,fzgwqo,fzgwq0,False,5,6
fzr6zx-0.png,fzr6zx,fzr6zx,True,6,6
g0atmsxc-0.png,g0atmsxc,0oazmsxc,False,5,8
g0lfj-0.png,g0lfj,80lfj,False,4,5
g0ml0-0.png,g0ml0,g0ml0,True,5,5
g0y30-0.png,g0y30,q0y30,False,4,5
g1qy8-0.png,g1qy8,gzqy8,False,4,5
g1sj8c-0.png,g1sj8c,0z6j8c,False,3,6
g1zxvopk-0.png,g1zxvopk,g1zxv0pk,False,7,8
g2d389y-0.png,g2d389y,8ada82,False,2,7
g399jxe2-0.png,g399jxe2,g3gwxe2,False,2,8
g3eoac0n-0.png,g3eoac0n,g3eoac0n,True,8,8
g4pu-0.png,g4pu,g4pu,True,4,4
g50tnn-0.png,g50tnn,g50tnn,True,6,6
g9lyglwj-0.png,g9lyglwj,eglyelwj,False,5,8
gatwbcv-0.png,gatwbcv,gatwbcv,True,7,7
gaux8s-0.png,gaux8s,gaux8s,True,6,6
gbm3k-0.png,gbm3k,gbm3k,True,5,5
gbypds-0.png,gbypds,gbypds,True,6,6
gc95-0.png,gc95,gc95,True,4,4
gczrlsen-0.png,gczrlsen,gczrl5en,False,7,8
gdg7h-0.png,gdg7h,gdg7h,True,5,5
gdhkyad-0.png,gdhkyad,g0hhy88,False,3,7
gdqlmdlp-0.png,gdqlmdlp,gdqlmdlp,True,8,8
ge5tdvi-0.png,ge5tdvi,ae5tdvi,False,6,7
gh2l0y-0.png,gh2l0y,gh2l0y,True,6,6
ghdb-0.png,ghdb,glldb,False,1,4
ghellnvl-0.png,ghellnvl,gt1ellnvl,False,2,8
gj8s-0.png,gj8s,4iqs,False,1,4
gjj6pj-0.png,gjj6pj,ccmd,False,0,6
gk9zgds-0.png,gk9zgds,gkgzgd5,False,5,7
glsq6wv-0.png,glsq6wv,glsq6wv,True,7,7
gm5klt6-0.png,gm5klt6,gm5klt6,True,7,7
gmlevzei-0.png,gmlevzei,cmlevzel,False,6,8
gmqv9-0.png,gmqv9,gmqv9,True,5,5
go2lwcm-0.png,go2lwcm,go2lwcm,True,7,7
godllyl-0.png,godllyl,godlllyl,False,5,7
gq9od-0.png,gq9od,gq9od,True,5,5
gqbmo-0.png,gqbmo,jabne,False,1,5
gqyue2-0.png,gqyue2,gqyue2,True,6,6
gr8ac-0.png,gr8ac,gr8ac,True,5,5
guvl-0.png,guvl,gvvl,False,3,4
gw3l-0.png,gw3l,fw3l,False,3,4
gwbjep-0.png,gwbjep,gwbjep,True,6,6
gxlhdi-0.png,gxlhdi,gxlhdi,True,6,6
gyhk2kgp-0.png,gyhk2kgp,gyhk2kep,False,7,8
gzwi3-0.png,gzwi3,gzwl3,False,4,5
h00u-0.png,h00u,h00u,True,4,4
h08pn-0.png,h08pn,h08pn,True,5,5
h0n14-0.png,h0n14,h0n14,True,5,5
h1ytmt-0.png,h1ytmt,lc1jcytrc1cc7t,False,0,6
h2vr7-0.png,h2vr7,h2vr7,True,5,5
h4f77tdw-0.png,h4f77tdw,hl9k74ztdw,False,2,8
h4titb0-0.png,h4titb0,h4tltb0,False,6,7
h50769lw-0.png,h50769lw,h50769lw,True,8,8
h6dtd-0.png,h6dtd,hedbd,False,3,5
h6o7n-0.png,h6o7n,h601n,False,3,5
h7f9-0.png,h7f9,h7f9,True,4,4
h8tg-0.png,h8tg,h8tg,True,4,4
hagreh-0.png,hagreh,hagrch,False,5,6
ham46lpd-0.png,ham46lpd,ham46lpd,True,8,8
haps2-0.png,haps2,haps2,True,5,5
hb5fz-0.png,hb5fz,hb5f2,False,4,5
hbll9-0.png,hbll9,hbll9,True,5,5
hc5rx39-0.png,hc5rx39,hc5rx3g,False,6,7
hc8jk3-0.png,hc8jk3,ithjk2,False,2,6
hclv7-0.png,hclv7,ljcly7,False,0,5
hcwgu-0.png,hcwgu,hl7wgu,False,1,5
he7grud-0.png,he7grud,he7grup,False,6,7
hetibp-0.png,hetibp,helidp,False,4,6
hibi-0.png,hibi,i1i11i,False,0,4
hj5ms-0.png,hj5ms,hj5ms,True,5,5
hkmy29-0.png,hkmy29,hkmy29,True,6,6
hl79-0.png,hl79,ku9,False,0,4
hljv6-0.png,hljv6,riioo,False,0,5
hm5osaq-0.png,hm5osaq,hmsoar7,False,3,7
hnns4-0.png,hnns4,hnns4,True,5,5
ho6v2tsw-0.png,ho6v2tsw,hc6u2tsw,False,6,8
hptym6-0.png,hptym6,xp7yz6,False,3,6
hqo6slvr-0.png,hqo6slvr,hql6slvr,False,7,8
hrdksy8-0.png,hrdksy8,hrdksy8,True,7,7
hsb1tie-0.png,hsb1tie,llsb1tie,False,0,7
hsnd7h7-0.png,hsnd7h7,hsnd7hnl,False,6,7
huifd-0.png,huifd,hulfd,False,4,5
hvch2er7-0.png,hvch2er7,hucheerq,False,5,8
hvgp-0.png,hvgp,hv6p,False,3,4
hvj6wg-0.png,hvj6wg,hvrlmg,False,3,6
hvk6-0.png,hvk6,hvk8,False,3,4
hw6ta6-0.png,hw6ta6,hn6ta6,False,5,6
hwev766-0.png,hwev766,hwev766,True,7,7
hxtahp3-0.png,hxtahp3,hxtahp3,True,7,7
hy850xkl-0.png,hy850xkl,hy85oxkl,False,7,8
hyj870q-0.png,hyj870q,hyj870q,True,7,7
hynvxdz-0.png,hynvxdz,hxrvxwz,False,4,7
hyp3tvwt-0.png,hyp3tvwt,hyp3tvwt,True,8,8
i1lkkg-0.png,i1lkkg,iilkkf,False,4,6
i3ijtc-0.png,i3ijtc,i3ijtc,True,6,6
i3jpjs-0.png,i3jpjs,i3jpj5s,False,5,6
i3reuje-0.png,i3reuje,zsrezcfe,False,2,7
i5aa1-0.png,i5aa1,lsli1,False,1,5
i5kd0omr-0.png,i5kd0omr,i5kdd0mr,False,6,8
i7hqc7-0.png,i7hqc7,i7h4c7,False,5,6
i9dhn60-0.png,i9dhn60,lgohn6o,False,3,7
i9n9a-0.png,i9n9a,l9n8a,False,3,5
ib7372l-0.png,ib7372l,lb7z12l,False,4,7
ibkmxh-0.png,ibkmxh,ibkmxh,True,6,6
iebwyn-0.png,iebwyn,iobwyn,False,5,6
igefs-0.png,igefs,igef5,False,4,5
ighh4lc-0.png,ighh4lc,i9hh4lc,False,6,7
igmy-0.png,igmy,5lymu,False,0,4
igvz5gc6-0.png,igvz5gc6,igvz5gc6,True,8,8
ih616-0.png,ih616,it7616,False,1,5
il680q15-0.png,il680q15,ice807a6,False,3,8
ilmlq-0.png,ilmlq,ilmlq,True,5,5
ilq9a-0.png,ilq9a,ilq9a,True,5,5
ilw0sni-0.png,ilw0sni,ilw0sn,False,6,7
imetse6c-0.png,imetse6c,imetsecc,False,7,8
imike663-0.png,imike663,lnllpg64,False,1,8
iml4loq-0.png,iml4loq,fml4lo4,False,5,7
inb7g-0.png,inb7g,inb7g,True,5,5
infph-0.png,infph,lnfph,False,4,5
inrjbf6-0.png,inrjbf6,lnrv8r6,False,3,7
io8w8-0.png,io8w8,l08w8,False,3,5
ipavuik-0.png,ipavuik,ipavuik,True,7,7
ipqyqd-0.png,ipqyqd,ipqyqd,True,6,6
iq0bjxdg-0.png,iq0bjxdg,iq0bjxdg,True,8,8
iq1t40-0.png,iq1t40,lq7yf0,False,2,6
iqawpl-0.png,iqawpl,iqawpi,False,5,6
irl9u9xz-0.png,irl9u9xz,irl9u9xz,True,8,8
iskg4-0.png,iskg4,iskg4,True,5,5
isvu-0.png,isvu,bw,False,0,4
it99jw8-0.png,it99jw8,lt99jw8,False,6,7
iu0q5-0.png,iu0q5,illi0q5,False,1,5
iuei9-0.png,iuei9,iueig,False,4,5
ivkgbwc-0.png,ivkgbwc,ivkgbw0,False,6,7
iw8j-0.png,iw8j,iw8j,True,4,4
iwbeu-0.png,iwbeu,1wbeu,False,4,5
iwpf9p-0.png,iwpf9p,iwpf9p,True,6,6
j1er1x92-0.png,j1er1x92,j1er7x92,False,7,8
j1o6yr9-0.png,j1o6yr9,j1o6yr9,True,7,7
j227gma8-0.png,j227gma8,mwm,False,0,8
j6g1a0gw-0.png,j6g1a0gw,j6g1a0gw,True,8,8
j6gc2u3-0.png,j6gc2u3,je9ceuw,False,3,7
j6q0mhv-0.png,j6q0mhv,j6q0rritiv,False,4,7
j6q31-0.png,j6q31,j6q31,True,5,5
j75aou-0.png,j75aou,j75f0u,False,4,6
j7lkhg-0.png,j7lkhg,iclkh9,False,3,6
j7n39-0.png,j7n39,j7n89,False,4,5
ja35h8-0.png,ja35h8,ja35h8,True,6,6
ja37ao13-0.png,ja37ao13,ja37ao13,True,8,8
ja6j-0.png,ja6j,ja6j,True,4,4
jajbc4x-0.png,jajbc4x,jajbc4k,False,6,7
jaof-0.png,jaof,jaof,True,4,4
jb5f-0.png,jb5f,jb5f,True,4,4
jbbjm0dp-0.png,jbbjm0dp,jbtjml0dpc,False,4,8
jdptyt0y-0.png,jdptyt0y,udptytoy,False,6,8
jey85l-0.png,jey85l,jc785l,False,4,6
jfsnttz-0.png,jfsnttz,jfsn4,False,4,7
jg00cgpr-0.png,jg00cgpr,jg00egpr,False,7,8
jh02fn3a-0.png,jh02fn3a,jh02fn3a,True,8,8
jh8lz-0.png,jh8lz,jh8llz,False,4,5
jhxgb3-0.png,jhxgb3,jhxqvb3,False,3,6
jils-0.png,jils,ulll6,False,1,4
jirj-0.png,jirj,jirj,True,4,4
jiw50iak-0.png,jiw50iak,jvviw50iako,False,1,8
jjibj8n-0.png,jjibj8n,jjibj6r1,False,5,7
jkgtgsg-0.png,jkgtgsg,jkgtg5g,False,6,7
jkhr8c-0.png,jkhr8c,jkhr8c,True,6,6
jkk4q-0.png,jkk4q,ii1l1yiq,False,0,5
jl33vl-0.png,jl33vl,jp33vl,False,5,6
jl35wmz-0.png,jl35wmz,jl35wmz,True,7,7
jlahg07-0.png,jlahg07,jlahgo7,False,6,7
jlicpwe-0.png,jlicpwe,ilicpwe,False,6,7
jm0ed-0.png,jm0ed,im0ed,False,4,5
jm36s-0.png,jm36s,jm36s,True,5,5
jmpk66yr-0.png,jmpk66yr,jmpk66yr,True,8,8
jnla9fy4-0.png,jnla9fy4,jnl39fy4,False,7,8
jnovjd-0.png,jnovjd,jr10vjd,False,1,6
jo9x-0.png,jo9x,jo9x,True,4,4
jp6r-0.png,jp6r,jp6r,True,4,4
jpquvw6-0.png,jpquvw6,jpqljvw6,False,3,7
jqrviyct-0.png,jqrviyct,iqrviycl,False,6,8
jrn2j-0.png,jrn2j,jrn2j,True,5,5
jrofo1b-0.png,jrofo1b,jrofo1b,True,7,7
jt87yc-0.png,jt87yc,jt87yc,True,6,6
jud-0.png,jud,jud,True,3,3
jukljle-0.png,jukljle,jukljle,True,7,7
jvpwt1p-0.png,jvpwt1p,jvpwt1p,True,7,7
jw0hsa6n-0.png,jw0hsa6n,jw0hsa6n,True,8,8
jw12-0.png,jw12,jw12,True,4,4
jwdpa-0.png,jwdpa,jwbpa,False,4,5
jwxt8dr-0.png,jwxt8dr,lwxt8dr,False,6,7
jxm8lv-0.png,jxm8lv,jxm8lv,True,6,6
jxmdm-0.png,jxmdm,jxmdm,True,5,5
jxy9rq-0.png,jxy9rq,jxy9rq,True,6,6
jyun-0.png,jyun,jyun,True,4,4
jzttfxjt-0.png,jzttfxjt,izttfkjt,False,6,8
k070g5pe-0.png,k070g5pe,k070g5pe,True,8,8
k0j12hf-0.png,k0j12hf,k0j12hf,True,7,7
k0xd9ldp-0.png,k0xd9ldp,k0xd8ldp,False,7,8
k11b-0.png,k11b,k11t,False,3,4
k27msq-0.png,k27msq,kz7m4q,False,4,6
k397f-0.png,k397f,k3g7f,False,4,5
k3zrl0ee-0.png,k3zrl0ee,k3zrl0ce,False,7,8
k430v-0.png,k430v,k430v,True,5,5
k4vst-0.png,k4vst,k4ugi,False,2,5
k59v9q-0.png,k59v9q,ks9v9q,False,5,6
k5luto-0.png,k5luto,xslc4o,False,2,6
k5me5-0.png,k5me5,h5me5,False,4,5
k60ku5-0.png,k60ku5,k6oku5,False,5,6
kdghy-0.png,kdghy,k0chy,False,3,5
kdpb-0.png,kdpb,kdpb,True,4,4
kds0h-0.png,kds0h,kd50k,False,3,5
kenmc-0.png,kenmc,kenmc,True,5,5
kevp4bh2-0.png,kevp4bh2,kevp4bh2,True,8,8
kfa4jh-0.png,kfa4jh,kfa4jh,True,6,6
kfh76-0.png,kfh76,kfwzl,False,2,5
kfj8-0.png,kfj8,kfj8,True,4,4
kflzs5-0.png,kflzs5,kflzs5,True,6,6
kfvj0f1-0.png,kfvj0f1,kfvj0f1,True,7,7
kg8qx9v2-0.png,kg8qx9v2,kg8qhgu2,False,5,8
kgi2zx9p-0.png,kgi2zx9p,kgl2zxgp,False,6,8
khs6-0.png,khs6,khs6,True,4,4
khxphp-0.png,khxphp,khxphp,True,6,6
ki65qc76-0.png,ki65qc76,kj65qc76,False,7,8
kirtl-0.png,kirtl,lciivtl,False,0,5
kjgy2w0k-0.png,kjgy2w0k,k3gy2w0k,False,7,8
kjlcndk0-0.png,kjlcndk0,ljlchol0,False,4,8
kjlcnst-0.png,kjlcnst,kjlcnst,True,7,7
kk05271y-0.png,kk05271y,m0771y,False,0,8
kklr2ztk-0.png,kklr2ztk,kklr2ztk,True,8,8
kl93n-0.png,kl93n,kl83n,False,4,5
klmv-0.png,klmv,wmv,False,0,4
klop4si-0.png,klop4si,vlopxsi,False,5,7
kmfvm-0.png,kmfvm,kmfvm,True,5,5
knlb9c-0.png,knlb9c,knlb9o,False,5,6
knrs2rq-0.png,knrs2rq,knrs2r0,False,6,7
knztn8nc-0.png,knztn8nc,kr7ztrv8rvc,False,1,8
kp7kmlda-0.png,kp7kmlda,kp7kmlda,True,8,8
kpjwxknb-0.png,kpjwxknb,hpjwxkzb,False,6,8
kprd-0.png,kprd,kprd,True,4,4
kqrl-0.png,kqrl,kqrl,True,4,4
kqs6ioi-0.png,kqs6ioi,kqseioil,False,6,7
kr50x-0.png,kr50x,kr50x,True,5,5
ksdwylp5-0.png,ksdwylp5,ksdwylp5,True,8,8
kspl-0.png,kspl,k4pl,False,3,4
kt6v-0.png,kt6v,kt6v,True,4,4
kuzsno-0.png,kuzsno,kuzsno,True,6,6
kw4p1q-0.png,kw4p1q,kw4p1o,False,5,6
kwjy5vpx-0.png,kwjy5vpx,kwjy5vqx,False,7,8
kxahpbpi-0.png,kxahpbpi,kxaf1pbpi,False,3,8
kxvy5v-0.png,kxvy5v,kxvy5v,True,6,6
ky0syh-0.png,ky0syh,ky0syli,False,5,6
kyb3hc-0.png,kyb3hc,ky63hc,False,5,6
kysw0-0.png,kysw0,kysw0,True,5,5
kzsv-0.png,kzsv,kzsv,True,4,4
l1ba-0.png,l1ba,l18a,False,3,4
l1ylpm08-0.png,l1ylpm08,l17lfm08,False,6,8
l21kptl-0.png,l21kptl,l2ikptl,False,6,7
l2d24k-0.png,l2d24k,l2024k,False,5,6
l2dxd3-0.png,l2dxd3,l2dxd8,False,5,6
l2j3gfg-0.png,l2j3gfg,l2j3gfg,True,7,7
l2qgx6-0.png,l2qgx6,l2qgx6,True,6,6
l2tc-0.png,l2tc,l2tc,True,4,4
l2xlmgo-0.png,l2xlmgo,l2xlmgo,True,7,7
l3a98dq-0.png,l3a98dq,l5a98dq,False,6,7
l3b8m5-0.png,l3b8m5,l3b8m5,True,6,6
l3hsnv-0.png,l3hsnv,hhsnv,False,0,6
l3vv4b7-0.png,l3vv4b7,l3vvllb7,False,4,7
l3xy-0.png,l3xy,l3xy,True,4,4
l42s0-0.png,l42s0,lfc2s0,False,1,5
l4lg8-0.png,l4lg8,l4lg8,True,5,5
l6l6e-0.png,l6l6e,l6l6e,True,5,5
l7fntl6-0.png,l7fntl6,i7fnt16,False,5,7
l7z8030-0.png,l7z8030,j7zb030,False,5,7
l9b4cou6-0.png,l9b4cou6,l9e4c0u6,False,6,8
l9jlovuz-0.png,l9jlovuz,l9jl0vuz,False,7,8
lackdv2-0.png,lackdv2,lackdv2,True,7,7
ladhd0c1-0.png,ladhd0c1,ladhd0cl,False,7,8
lag9vt-0.png,lag9vt,lag9vt,True,6,6
laji-0.png,laji,laii,False,3,4
lbgz0ns-0.png,lbgz0ns,lbgzcns,False,6,7
lbn9ph-0.png,lbn9ph,lbn9ph,True,6,6
lbrhjvyr-0.png,lbrhjvyr,lbrhjvyr,True,8,8
lbx6gub-0.png,lbx6gub,rbx6gub,False,6,7
lbz7-0.png,lbz7,lbz7,True,4,4
lcbyn403-0.png,lcbyn403,lcbyn403,True,8,8
lcew-0.png,lcew,lcew,True,4,4
lcnhjr1-0.png,lcnhjr1,lcnhjr1,True,7,7
lcqb1t-0.png,lcqb1t,icqb1t,False,5,6
ldjy-0.png,ldjy,ldjy,True,4,4
le3yxx-0.png,le3yxx,le3yxx,True,6,6
leetgs6-0.png,leetgs6,leetgs6,True,7,7
levnex3t-0.png,levnex3t,levnex3t,True,8,8
lf1u-0.png,lf1u,lf1u,True,4,4
lghx0spj-0.png,lghx0spj,lghxospj,False,7,8
lgk7dl-0.png,lgk7dl,igk7dl,False,5,6
lh02v-0.png,lh02v,lh02v,True,5,5
lh3t5tp-0.png,lh3t5tp,lh3tstp,False,6,7
lhiqbpx3-0.png,lhiqbpx3,lhiqbpx9,False,7,8
lhmd-0.png,lhmd,dalizd,False,0,4
lhps-0.png,lhps,lhp5,False,3,4
lhuttfhn-0.png,lhuttfhn,lhuttfhn,True,8,8
lj25t2f-0.png,lj25t2f,lj2cr2f,False,5,7
lk94-0.png,lk94,lk94,True,4,4
lknl4lb-0.png,lknl4lb,lknl4lb,True,7,7
ll1n-0.png,ll1n,1lzn,False,2,4
lldc-0.png,lldc,jldc,False,3,4
llftqg0-0.png,llftqg0,llftec0,False,5,7
llmh54d-0.png,llmh54d,llmhs4d,False,6,7
llwe-0.png,llwe,llwe,True,4,4
lm9d24-0.png,lm9d24,lh9dz4,False,4,6
lm9vy-0.png,lm9vy,lm9vy,True,5,5
lma875y-0.png,lma875y,lha87sy,False,5,7
lmr5u172-0.png,lmr5u172,lmr5ut72,False,7,8
lmzu3cgb-0.png,lmzu3cgb,lmzu3cgb,True,8,8
lo57d-0.png,lo57d,lo57d,True,5,5
lo5kcof-0.png,lo5kcof,lo5kcof,True,7,7
loetlydo-0.png,loetlydo,loctlydo,False,7,8
lolog-0.png,lolog,lolog,True,5,5
loo3ncg-0.png,loo3ncg,loo3ncg,True,7,7
loyvyf86-0.png,loyvyf86,i0yvyf86,False,6,8
lq1hrs-0.png,lq1hrs,l0lkrs,False,3,6
lq8z87-0.png,lq8z87,lq8z87,True,6,6
lqapu8-0.png,lqapu8,lqapu8,True,6,6
lrnzuv4x-0.png,lrnzuv4x,lrnzu04x,False,7,8
ls3d-0.png,ls3d,ls3d,True,4,4
lsapu-0.png,lsapu,l8apv,False,3,5
lsgh2m4k-0.png,lsgh2m4k,l5ghem4h,False,5,8
lshlfbdi-0.png,lshlfbdi,lslilfbdi,False,2,8
lsmzq-0.png,lsmzq,lsmz0,False,4,5
lszeci-0.png,lszeci,l5zecl,False,4,6
ltqqjs5-0.png,ltqqjs5,ltqqls5,False,6,7
lu1ow7k-0.png,lu1ow7k,lu1ow7k,True,7,7
lu8lr-0.png,lu8lr,iuiia,False,1,5
lua1s3c-0.png,lua1s3c,lua1s3c,True,7,7
lulme-0.png,lulme,lulme,True,5,5
lv8m9l-0.png,lv8m9l,1v8m91,False,4,6
lva2bqcz-0.png,lva2bqcz,lvr280cz,False,5,8
lweba0d0-0.png,lweba0d0,lwe8r000,False,5,8
lwna-0.png,lwna,lwna,True,4,4
lxbsfv-0.png,lxbsfv,lxbsfv,True,6,6
lxfflql-0.png,lxfflql,lxfflql,True,7,7
lxwqkz2-0.png,lxwqkz2,lxwqkz2,True,7,7
lzjyzk9n-0.png,lzjyzk9n,lzjyzk9o,False,7,8
m0vv0qg-0.png,m0vv0qg,movv0qg,False,6,7
m16cz-0.png,m16cz,m16cz,True,5,5
m1slx-0.png,m1slx,mlslx,False,4,5
m2i4u-0.png,m2i4u,m2i4u,True,5,5
m3mc3hu-0.png,m3mc3hu,mlzmcllzlze4,False,1,7
m4ztqk-0.png,m4ztqk,m4ztqk,True,6,6
m52xx5-0.png,m52xx5,ms2xxs,False,4,6
m5cg7n-0.png,m5cg7n,m5cg7n,True,6,6
m6mdx9lt-0.png,m6mdx9lt,m6mm1,False,3,8
m7otcn6-0.png,m7otcn6,k7otcn6,False,6,7
m83m1d6o-0.png,m83m1d6o,m83m1d6o,True,8,8
m8eca16-0.png,m8eca16,m8ec815,False,5,7
m8gte-0.png,m8gte,m8gte,True,5,5
m8gwskd-0.png,m8gwskd,rii8gwskd,False,0,7
m9p8-0.png,m9p8,m9p8,True,4,4
maxxg-0.png,maxxg,maxxg,True,5,5
mbbld-0.png,mbbld,mbblp,False,4,5
mciiacb-0.png,mciiacb,mciiacb,True,7,7
me3euhs4-0.png,me3euhs4,me3euhs4,True,8,8
mf2p98q-0.png,mf2p98q,mf2p98q,True,7,7
mh9y-0.png,mh9y,mh9y,True,4,4
mio3w55-0.png,mio3w55,nzio3w55,False,1,7
mj357n-0.png,mj357n,wdj57n,False,3,6
mkb7-1.png,mkb7,iiikb7,False,0,4
mkpvj-0.png,mkpvj,kkpvj,False,4,5
ml14a-0.png,ml14a,ml14a,True,5,5
mlkvr626-0.png,mlkvr626,mikvr6z6,False,6,8
mlql-0.png,mlql,mlqt,False,3,4
mlx7-0.png,mlx7,mlx7,True,4,4
mmr4-0.png,mmr4,mmr4,True,4,4
mmzyf57-0.png,mmzyf57,mzyfil57,False,1,7
mnn3o5bp-0.png,mnn3o5bp,mnnaosbp,False,6,8
mnz7a-0.png,mnz7a,mnz7a,True,5,5
mpqc-0.png,mpqc,mpql,False,3,4
mrmth-0.png,mrmth,mrn1tti,False,2,5
mub4ku-0.png,mub4ku,eub4ku,False,5,6
mulv-0.png,mulv,mulv,True,4,4
muqa445-0.png,muqa445,nirlza445,False,0,7
mxn12-0.png,mxn12,hxn12,False,4,5
mz1f-0.png,mz1f,njz1f,False,0,4
n0dr0c-0.png,n0dr0c,n00r0c,False,5,6
n1gmmpy-0.png,n1gmmpy,n1gmmpy,True,7,7
n1n1-0.png,n1n1,n1n1,True,4,4
n29kh-0.png,n29kh,n29kh,True,5,5
n2u7lmr0-0.png,n2u7lmr0,n2u7lnr0,False,7,8
n3ke-0.png,n3ke,n3ke,True,4,4
n3vat-0.png,n3vat,n3vat,True,5,5
n4exm-0.png,n4exm,n4exm,True,5,5
n4oomt-0.png,n4oomt,n4oomt,True,6,6
n4pkksmh-0.png,n4pkksmh,nupkkshh,False,6,8
n4yvfz-0.png,n4yvfz,n4yvfz,True,6,6
n7tp-0.png,n7tp,n7tp,True,4,4
n8dz4l-0.png,n8dz4l,n8dz4l,True,6,6
n9q3-0.png,n9q3,n9q3,True,4,4
na3ys44w-0.png,na3ys44w,na3ys44w,True,8,8
nb43cy-0.png,nb43cy,neu3cj,False,3,6
nbelje33-0.png,nbelje33,nbelje33,True,8,8
nbzo-0.png,nbzo,nbzo,True,4,4
ncawwh-0.png,ncawwh,nmajwa,False,3,6
nd9oljne-0.png,nd9oljne,nd90ljne,False,7,8
ndgdk-0.png,ndgdk,hdodk,False,3,5
ndtfd-0.png,ndtfd,ndtfd,True,5,5
neokvc-0.png,neokvc,nqeave,False,2,6
nf0q-0.png,nf0q,nf0q,True,4,4
nf3w3-0.png,nf3w3,nf3w3,True,5,5
nfhgxq-0.png,nfhgxq,nfhgxq,True,6,6
nftff-0.png,nftff,ftff,False,1,5
ngqm-0.png,ngqm,dgqm,False,3,4
ngt7gmz-0.png,ngt7gmz,ng07gml2,False,5,7
nhg8w-0.png,nhg8w,nl1g8w,False,1,5
nis04e-0.png,nis04e,nis04e,True,6,6
niup-0.png,niup,niup,True,4,4
nke03-0.png,nke03,nke03,True,5,5
nkyzsr-0.png,nkyzsr,nkyzsr,True,6,6
nl3dsk5c-0.png,nl3dsk5c,nl3dsk5c,True,8,8
nlh4y1e-0.png,nlh4y1e,nlhaylfl,False,4,7
nlhao-0.png,nlhao,nlhao,True,5,5
nlsle1-0.png,nlsle1,nlsle1,True,6,6
nltsq4ks-0.png,nltsq4ks,nlt5q4k5,False,6,8
nlzl9-0.png,nlzl9,nlzlg,False,4,5
norb-0.png,norb,nort,False,3,4
nowqcrpn-0.png,nowqcrpn,n0wqcrpn,False,7,8
npuqcj7p-0.png,npuqcj7p,npuqcj7p,True,8,8
nq4a7mvu-0.png,nq4a7mvu,n04h37mjc,False,2,8
nqdrscn5-0.png,nqdrscn5,nqdrscn5,True,8,8
nqvdl-0.png,nqvdl,nqv0l,False,4,5
nqz0os9h-0.png,nqz0os9h,ilqz0os9h,False,0,8
nr0ctm-0.png,nr0ctm,nr0ctm,True,6,6
nrr4ow4-0.png,nrr4ow4,nm4cw4,False,1,7
ns45-0.png,ns45,n45,False,1,4
ns7hb-0.png,ns7hb,nm70b,False,3,5
nsiq-0.png,nsiq,l16il7,False,0,4
nt991l-0.png,nt991l,nt771l,False,4,6
nuhptw-0.png,nuhptw,nuhptw,True,6,6
nurb3d-0.png,nurb3d,nurq38,False,4,6
nvlueow-0.png,nvlueow,nvlueon,False,6,7
nvzpgdh-0.png,nvzpgdh,r1vzpgdtj,False,0,7
nwh7hax4-0.png,nwh7hax4,vmk7kvxs,False,2,8
nwnzq-0.png,nwnzq,nwnzq,True,5,5
nwtct-0.png,nwtct,nwtct,True,5,5
nyep5v-0.png,nyep5v,nycp5p,False,4,6
nyrp9e-0.png,nyrp9e,n9np9e,False,4,6
nz0v7-0.png,nz0v7,nz0v7,True,5,5
nzpu-0.png,nzpu,hzpu,False,3,4
o1s3al0-0.png,o1s3al0,o1e3ew,False,3,7
o2b2gfg-0.png,o2b2gfg,02b2gfg,False,6,7
o2jsk-0.png,o2jsk,dljik,False,2,5
o3837lx-0.png,o3837lx,03837lx,False,6,7
o3ag8-0.png,o3ag8,o3ak,False,3,5
o4hmdovy-0.png,o4hmdovy,o4hmdovy,True,8,8
o4qpp-0.png,o4qpp,04qpp,False,4,5
o5820-0.png,o5820,os820,False,4,5
o707-0.png,o707,o707,True,4,4
o7wk-0.png,o7wk,07wk,False,3,4
o83hedx-0.png,o83hedx,o83hedx,True,7,7
o8aag-0.png,o8aag,o8aag,True,5,5
o8y4m-0.png,o8y4m,o8wm,False,2,5
o96l9az-0.png,o96l9az,096i98z,False,4,7
oav5mas-0.png,oav5mas,oav6ma8,False,5,7
occah8-0.png,occah8,occah8,True,6,6
ocol7w-0.png,ocol7w,ocol7w,True,6,6
odh7p55l-0.png,odh7p55l,odlr17p55l,False,2,8
odp8-0.png,odp8,cdp8,False,3,4
oe0eq9-0.png,oe0eq9,oe0eq9,True,6,6
oeol-0.png,oeol,oeol,True,4,4
ofavtnx-0.png,ofavtnx,ofavtrx,False,6,7
oh3v2-0.png,oh3v2,0h3v2,False,4,5
ojfqa585-0.png,ojfqa585,ojfqq58s,False,6,8
olxg7ln-0.png,olxg7ln,olxg7ln,True,7,7
opscn23v-0.png,opscn23v,opscn23v,True,8,8
orw4sjk-0.png,orw4sjk,orw4sjk,True,7,7
os9ul-0.png,os9ul,o6zr,False,1,5
oscs-0.png,oscs,o5cs,False,3,4
oul059ly-0.png,oul059ly,qulkgly,False,2,8
ovjqnzgm-0.png,ovjqnzgm,oviznzgm,False,6,8
ow5sd2w-0.png,ow5sd2w,0ws54d2w,False,1,7
owcz1w-0.png,owcz1w,owcz7w,False,5,6
oxhpigo-0.png,oxhpigo,oxhplgo,False,6,7
oxtzxi-0.png,oxtzxi,0xtzxi,False,5,6
oy02dd-0.png,oy02dd,gyc2da,False,3,6
oy3waa-0.png,oy3waa,0y3waa,False,5,6
oywfaf-0.png,oywfaf,0ywfaf,False,5,6
p0c0yl-0.png,p0c0yl,p0c0yl,True,6,6
p0qcdy-0.png,p0qcdy,p0qcdy,True,6,6
p0w0j-0.png,p0w0j,p8w8aj,False,2,5
p13lx-0.png,p13lx,pl3ik,False,2,5
p1chhk9-0.png,p1chhk9,plchhk9,False,6,7
p1cl63-0.png,p1cl63,p1cl63,True,6,6
p1q5k-0.png,p1q5k,p1q5k,True,5,5
p312u-0.png,p312u,p312u,True,5,5
p3dq-0.png,p3dq,p3dq,True,4,4
p4303hs-0.png,p4303hs,pil303lls,False,1,7
p45r8m7-0.png,p45r8m7,p45r8m7,True,7,7
p5it-0.png,p5it,p5it,True,4,4
p60w9-0.png,p60w9,p60w9,True,5,5
p7qjg-0.png,p7qjg,p7qjg,True,5,5
p8agb-0.png,p8agb,p8agb,True,5,5
p8b2vg-0.png,p8b2vg,p8b2ug,False,5,6
p9c6wub-0.png,p9c6wub,mw,False,0,7
p9lflmry-0.png,p9lflmry,p9lflmry,True,8,8
pc8y04n8-0.png,pc8y04n8,pc8y04n8,True,8,8
pdoee93b-0.png,pdoee93b,pdoee93b,True,8,8
pee1017g-0.png,pee1017g,pee1077g,False,7,8
pf62we54-0.png,pf62we54,vv6awai4,False,3,8
pfclu-0.png,pfclu,pfclu,True,5,5
pfwg-0.png,pfwg,pvfwq,False,1,4
ph2tst-0.png,ph2tst,pllzvvtoisvvto,False,1,6
pk28z-0.png,pk28z,pk282,False,4,5
pkf116-0.png,pkf116,nm,False,0,6
pkgt-0.png,pkgt,pkgt,True,4,4
pkw2wx6n-0.png,pkw2wx6n,pkw2wx6n,True,8,8
plt0-0.png,plt0,plt0,True,4,4
plx60e-0.png,plx60e,plx60e,True,6,6
pojl6z-0.png,pojl6z,pojl6z,True,6,6
ppsxh90-0.png,ppsxh90,ppsxh90,True,7,7
pq2mc54n-0.png,pq2mc54n,pq2rt7c54n,False,3,8
pqpo-0.png,pqpo,pqpo,True,4,4
pqt4t0an-0.png,pqt4t0an,pqt4t0an,True,8,8
pssgydfm-0.png,pssgydfm,msgydh,False,1,8
pszr607-0.png,pszr607,pszr607,True,7,7
pta18-0.png,pta18,pta18,True,5,5
ptb87-0.png,ptb87,ptb87,True,5,5
ptp3s-0.png,ptp3s,ptp3s,True,5,5
ptp4m-0.png,ptp4m,ptp4m,True,5,5
pu7vl30-0.png,pu7vl30,pu7vl30,True,7,7
pwarq-0.png,pwarq,pwarq,True,5,5
pwp08u13-0.png,pwp08u13,pvpo8vl3,False,4,8
pwpa-0.png,pwpa,pwra,False,3,4
pwq9d-0.png,pwq9d,pwqgo,False,3,5
pz5063uh-0.png,pz5063uh,pz5063ut7,False,7,8
pz5eyw-0.png,pz5eyw,pz5iyw,False,5,6
pzq97q3m-0.png,pzq97q3m,pzq97q3m,True,8,8
q02a9jk-0.png,q02a9jk,qo2a1jk,False,5,7
q0uxb2-0.png,q0uxb2,80uxb2,False,5,6
q2lcl1y-0.png,q2lcl1y,q2lcl1y,True,7,7
q2vnjl-0.png,q2vnjl,q2vnjl,True,6,6
q40qzm-0.png,q40qzm,0400zm,False,4,6
q41i-0.png,q41i,qal7i,False,1,4
q5h2g9-0.png,q5h2g9,q5tr72g9,False,2,6
q5vxwf-0.png,q5vxwf,q5vxhf,False,5,6
q68rj-0.png,q68rj,qg8rj,False,4,5
q71wa-0.png,q71wa,q71wa,True,5,5
q7ix0c-0.png,q7ix0c,q1i80c,False,4,6
q7lo4o-0.png,q7lo4o,nnlo4o,False,4,6
q7mqc9-0.png,q7mqc9,o7mqcq,False,4,6
q7u1e9-0.png,q7u1e9,q7u1e9,True,6,6
q8hz-0.png,q8hz,q8trriz,False,2,4
q8mh-0.png,q8mh,q8r7c7l1,False,2,4
q9mqu13-0.png,q9mqu13,cae3mcxlj13,False,0,7
qa37h0-0.png,qa37h0,0a87k0,False,3,6
qa8zt2-0.png,qa8zt2,0a8zt2,False,5,6
qavk-0.png,qavk,qavb,False,3,4
qbap-0.png,qbap,qbap,True,4,4
qe72iy9-0.png,qe72iy9,qe72ly8,False,5,7
qejnaq-0.png,qejnaq,qejnaq,True,6,6
qeltw3m-0.png,qeltw3m,qelawz3mv,False,4,7
qendxna-0.png,qendxna,qen0kna,False,5,7
qfqzy-0.png,qfqzy,mg2l,False,0,5
qh5udu-0.png,qh5udu,4hsuju,False,3,6
qhcf4-0.png,qhcf4,qhcf4,True,5,5
qjogpg-0.png,qjogpg,qjogpg,True,6,6
qjx5x94-0.png,qjx5x94,qjx5x94,True,7,7
qkcc0kg0-0.png,qkcc0kg0,qkccokg0,False,7,8
qkott5f-0.png,qkott5f,qkott5f,True,7,7
qls5-0.png,qls5,ql55,False,3,4
qm8sdjay-0.png,qm8sdjay,qm8sdjay,True,8,8
qmb2-0.png,qmb2,hmh2,False,2,4
qmn45y-0.png,qmn45y,qmn45ry,False,5,6
qn1d-0.png,qn1d,qxzd,False,2,4
qn8yyv6-0.png,qn8yyv6,qn8yyv6,True,7,7
qrpynkwv-0.png,qrpynkwv,qrpynkwv,True,8,8
quuhy-0.png,quuhy,quully,False,3,5
qv6vn3-0.png,qv6vn3,qv6vn3,True,6,6
qvjtrs-0.png,qvjtrs,qvjtrs,True,6,6
qw1dv-0.png,qw1dv,qw1dv,True,5,5
qw6oa-0.png,qw6oa,qw60a,False,4,5
qwqwkv-0.png,qwqwkv,0w0wkv,False,4,6
qxi5i9w1-0.png,qxi5i9w1,0xl5l9wl,False,4,8
qykqgi20-0.png,qykqgi20,qykqgl20,False,7,8
qyro-0.png,qyro,qyfo,False,3,4
qzzsn-0.png,qzzsn,qzz5n,False,4,5
r1od-0.png,r1od,r1od,True,4,4
r1zkc-0.png,r1zkc,rlzkc,False,4,5
r20p4-0.png,r20p4,h20p4,False,4,5
r2nk80r-0.png,r2nk80r,rznk60r,False,5,7
r2yr2aj-0.png,r2yr2aj,p2yrzaj,False,5,7
r3yn-0.png,r3yn,r3yn,True,4,4
r5wz7-0.png,r5wz7,r5wzz,False,4,5
r6g5o73-0.png,r6g5o73,r6g5073,False,6,7
r9uns6-0.png,r9uns6,r9uns6,True,6,6
rafw-0.png,rafw,rafw,True,4,4
raog3f97-0.png,raog3f97,raog3f97,True,8,8
raza3a-0.png,raza3a,raza3a,True,6,6
rbh9wyft-0.png,rbh9wyft,rbh3wyft,False,7,8
rcnsiy-0.png,rcnsiy,rcnsly,False,5,6
rctny-0.png,rctny,rctny,True,5,5
rehbon2c-0.png,rehbon2c,fhdokc,False,0,8
rf6f-0.png,rf6f,rf6f,True,4,4
rfg39h87-0.png,rfg39h87,rfg39h87,True,8,8
rglu-0.png,rglu,rg1u,False,3,4
rgmvx-0.png,rgmvx,rgmvx,True,5,5
rgv02-0.png,rgv02,rgv02,True,5,5
rhrchlxw-0.png,rhrchlxw,rhrchlxw,True,8,8
rk5tu-0.png,rk5tu,4vkrrae,False,0,5
rkzn7v-0.png,rkzn7v,rkzn7v,True,6,6
rlw272-0.png,rlw272,rlw272,True,6,6
rmg504-0.png,rmg504,rmc5d4r,False,4,6
rmlu-0.png,rmlu,rnlu,False,3,4
rplw7-0.png,rplw7,rplw7,True,5,5
rpprfe-0.png,rpprfe,rpprfe,True,6,6
rr38fbsy-0.png,rr38fbsy,raa8fbsy,False,6,8
rrfuwfhu-0.png,rrfuwfhu,rmwhu,False,1,8
rrlkt-0.png,rrlkt,rxrxlklc,False,1,5
rsin-0.png,rsin,rsin,True,4,4
rtlr7-0.png,rtlr7,rtlr7,True,5,5
rubx10-0.png,rubx10,rubx10,True,6,6
rv3io-0.png,rv3io,rv3io,True,5,5
rvbzj-0.png,rvbzj,rvbzj,True,5,5
rwc5wmx-0.png,rwc5wmx,rwc5wmx,True,7,7
rwhc7wc-0.png,rwhc7wc,rwhc7wc,True,7,7
rwocs-0.png,rwocs,rwoco,False,4,5
rxiuv-0.png,rxiuv,rxiuv,True,5,5
ryjzj0-0.png,ryjzj0,njzj0,False,0,6
rzipgazj-0.png,rzipgazj,rzlpgazj,False,7,8
rzq5bynz-0.png,rzq5bynz,rzq5bynz,True,8,8
s0ho4qfp-0.png,s0ho4qfp,s0h04qfp,False,7,8
s29j-0.png,s29j,s29sl,False,3,4
s2ln-0.png,s2ln,s2ln,True,4,4
s3clp7-0.png,s3clp7,s3clp7,True,6,6
s4o5wq-0.png,s4o5wq,54cdwm,False,2,6
s6da-0.png,s6da,s6da,True,4,4
s7lxa-0.png,s7lxa,57lxa,False,4,5
s8n5a5k-0.png,s8n5a5k,48n5a5k,False,6,7
sa74r-0.png,sa74r,sa74r,True,5,5
sb88r-0.png,sb88r,sb88r,True,5,5
scdn-0.png,scdn,gcdn,False,3,4
scqwf95v-0.png,scqwf95v,scqwf95v,True,8,8
sd2xyvxr-0.png,sd2xyvxr,sd2kyukr,False,5,8
sdk4l7-0.png,sdk4l7,50k4l7,False,4,6
se0njc-0.png,se0njc,wemic,False,1,6
set7eeo-0.png,set7eeo,set7eec,False,6,7
sgwdjb-0.png,sgwdjb,sgwdjb,True,6,6
sh2wjt-0.png,sh2wjt,shmk,False,2,6
sid2fxzf-0.png,sid2fxzf,sid2fxzf,True,8,8
sie729-0.png,sie729,slt729,False,4,6
sklg-0.png,sklg,sklg,True,4,4
skok09tv-0.png,skok09tv,skqk09ev,False,6,8
skpcta-0.png,skpcta,5kpc4a,False,4,6
skq2662u-0.png,skq2662u,sk02662c,False,6,8
skxhclvy-0.png,skxhclvy,skxbcjvy,False,6,8
sml0n3dv-0.png,sml0n3dv,sml0n3dv,True,8,8
snicwm3g-0.png,snicwm3g,sniczeln3g,False,4,8
snmbq-0.png,snmbq,snmeq,False,4,5
sojq-0.png,sojq,sojq,True,4,4
spb6516e-0.png,spb6516e,spb6516f,False,7,8
sqjhrz5e-0.png,sqjhrz5e,sqjhrz5e,True,8,8
squ6k1-0.png,squ6k1,soubk7,False,3,6
sr34i-0.png,sr34i,sr34i,True,5,5
sryx-0.png,sryx,sryx,True,4,4
ss3g4-0.png,ss3g4,ss8g4,False,4,5
ss659hx-0.png,ss659hx,44659hk,False,4,7
ssfq-0.png,ssfq,48fq,False,2,4
sshbp-0.png,sshbp,sshbp,True,5,5
ssut-0.png,ssut,swut,False,3,4
st46-0.png,st46,5tk6,False,2,4
stcnwr1-0.png,stcnwr1,5tcnwa1,False,5,7
steu-0.png,steu,s7ell,False,2,4
stiep3-0.png,stiep3,stlep3,False,5,6
stl4xtj-0.png,stl4xtj,stl4xtj,True,7,7
stn8-0.png,stn8,hh,False,0,4
suv8-0.png,suv8,suv8,True,4,4
sve7ng-0.png,sve7ng,sve7ng,True,6,6
swr16-0.png,swr16,swrt6,False,4,5
swrd36-0.png,swrd36,szrlrd36,False,2,6
sxaw94-0.png,sxaw94,seawq4,False,4,6
sxsvm-0.png,sxsvm,5xgvm,False,3,5
sy8kfp-0.png,sy8kfp,8y8kfp,False,5,6
syb3dfe2-0.png,syb3dfe2,syb30fe2,False,7,8
szbx-0.png,szbx,szgx,False,3,4
szuz-0.png,szuz,szuz,True,4,4
t1jut-0.png,t1jut,t7jut,False,4,5
t36x9epa-0.png,t36x9epa,t3bx9epa,False,7,8
t4bwrwp-0.png,t4bwrwp,t4bwrwp,True,7,7
t4ls-0.png,t4ls,tals,False,3,4
t4mf679d-0.png,t4mf679d,t4kf678d,False,6,8
t7eo-0.png,t7eo,fxo,False,0,4
t7l7ebx-0.png,t7l7ebx,t7l7ebx,True,7,7
t7zyxx-0.png,t7zyxx,t7zyhx,False,5,6
t8c02-0.png,t8c02,t8c02,True,5,5
t96gc9db-0.png,t96gc9db,t4ggc4db,False,5,8
t984-0.png,t984,t88u,False,2,4
t9qaw8a5-0.png,t9qaw8a5,l9qaw8a5,False,7,8
t9zn2ll7-0.png,t9zn2ll7,t9znm,False,4,8
ta77ta-0.png,ta77ta,th77tn,False,4,6
tbcbw2c-0.png,tbcbw2c,tbcbw2c,True,7,7
tbiawn42-0.png,tbiawn42,ibioun4z,False,4,8
tczbu-0.png,tczbu,tczbu,True,5,5
td18gcc-0.png,td18gcc,td78gcc,False,6,7
tdooz6d-0.png,tdooz6d,td00z6d,False,5,7
tdzde-0.png,tdzde,tdzde,True,5,5
tfwptzc-0.png,tfwptzc,1fwptzc,False,6,7
tgdt-0.png,tgdt,tgdt,True,4,4
tgk36qlt-0.png,tgk36qlt,tgkj6qlt,False,7,8
thhonbv-0.png,thhonbv,thh0n8v,False,5,7
thl1-0.png,thl1,thl1,True,4,4
thulcgw-0.png,thulcgw,tmw,False,1,7
thy7-0.png,thy7,ttlsy7,False,1,4
tjm6otco-0.png,tjm6otco,rji4gokc0,False,1,8
tluglvq-0.png,tluglvq,tluglvq,True,7,7
tmefw-0.png,tmefw,tmefw,True,5,5
tmv26-0.png,tmv26,tnlv2g,False,1,5
tnhp-0.png,tnhp,tnhp,True,4,4
tnrn3o2p-0.png,tnrn3o2p,tnrn3ozp,False,7,8
tpktuk6-0.png,tpktuk6,tpktuk6,True,7,7
tplvb5-0.png,tplvb5,tplvb5,True,6,6
tr5n-0.png,tr5n,tr5n,True,4,4
trejedm-0.png,trejedm,tcejycdm,False,3,7
trh3-0.png,trh3,irh3,False,3,4
ttch14bl-0.png,ttch14bl,ttch14bl,True,8,8
ttrr77v-0.png,ttrr77v,t5qrccciriefl7v,False,2,7
ttz04x-0.png,ttz04x,itz04x,False,5,6
tuyw-0.png,tuyw,lcu4tv,False,0,4
tv3h-0.png,tv3h,tv3l,False,3,4
tviwf-0.png,tviwf,tviwf,True,5,5
tw1svg-0.png,tw1svg,tw1svg,True,6,6
twtk-0.png,twtk,ewgk,False,2,4
txch1ms-0.png,txch1ms,txch1ms,True,7,7
txjoqodg-0.png,txjoqodg,txjoqodg,True,8,8
tyi9zcn-0.png,tyi9zcn,tyi9czocvn,False,4,7
tzubvo-0.png,tzubvo,tzubvo,True,6,6
u1lz3-0.png,u1lz3,o1lz3,False,4,5
u1rfaq41-0.png,u1rfaq41,u1rfaq41,True,8,8
u29s-0.png,u29s,uegs,False,2,4
u2fa-0.png,u2fa,u2fa,True,4,4
u4b0-0.png,u4b0,uhb0,False,3,4
u4j8el8-0.png,u4j8el8,u4j8e18,False,6,7
u4vy81d-0.png,u4vy81d,u4yyd1d,False,5,7
u78nb-0.png,u78nb,uc78nb,False,1,5
u79l-0.png,u79l,u7ql,False,3,4
u82mibi9-0.png,u82mibi9,u82mibi9,True,8,8
ublat-0.png,ublat,ljblat,False,0,5
ubqwlx-0.png,ubqwlx,ubqwlx,True,6,6
uby5m2a-0.png,uby5m2a,ueysmea,False,4,7
uetvc-0.png,uetvc,ue7fvc,False,2,5
uewr-0.png,uewr,uewr,True,4,4
ufgngs-0.png,ufgngs,uhngs,False,1,6
ufze-0.png,ufze,ufze,True,4,4
ug606s-0.png,ug606s,uc606s,False,5,6
ugb5g9aw-0.png,ugb5g9aw,ugbsg9zw,False,6,8
ugp8m8w-0.png,ugp8m8w,ugp8m8w,True,7,7
ugvgbp9-0.png,ugvgbp9,ugvg8pg,False,5,7
ugzk95b3-0.png,ugzk95b3,ljgzk9sb3,False,0,8
uhcn-0.png,uhcn,jhcn,False,3,4
ui88lwpc-0.png,ui88lwpc,ucz88wpc,False,5,8
uicxyc-0.png,uicxyc,ulckyc,False,4,6
uiqv-0.png,uiqv,uiov,False,3,4
uit6-0.png,uit6,uit6,True,4,4
uiu9qbp-0.png,uiu9qbp,uiu9qbp,True,7,7
uj33lkgd-0.png,uj33lkgd,ul331kgd,False,6,8
uk7b-0.png,uk7b,ck7b,False,3,4
ukna-0.png,ukna,uknr,False,3,4
ukpaowzr-0.png,ukpaowzr,ukmowzr,False,2,8
ul7l-0.png,ul7l,ua7l,False,3,4
ulb7ir-0.png,ulb7ir,u1b7ii,False,4,6
uluwum-0.png,uluwum,uluwum,True,6,6
um2ncoly-0.png,um2ncoly,um2ncoly,True,8,8
umgjqz44-0.png,umgjqz44,umgjqz44,True,8,8
umygl4rs-0.png,umygl4rs,umygl4r5,False,7,8
unr4-0.png,unr4,unr4,True,4,4
uobiz-0.png,uobiz,y0blz,False,2,5
uow8r-0.png,uow8r,u0w8r,False,4,5
uoxbol4k-0.png,uoxbol4k,uoxbolqk,False,7,8
up14719-0.png,up14719,up74719,False,6,7
upkljb-0.png,upkljb,ljpkljb,False,0,6
uqa7-0.png,uqa7,uqa7,True,4,4
uqdd8-0.png,uqdd8,lu4dde,False,1,5
uqvtzje-0.png,uqvtzje,uqvtzje,True,7,7
urdsvx4-0.png,urdsvx4,urdsvx4,True,7,7
uru17mq-0.png,uru17mq,uru77mq,False,6,7
usb3g-0.png,usb3g,u3b3g,False,4,5
uspxt-0.png,uspxt,uspxt,True,5,5
uuk0vwk-0.png,uuk0vwk,uuk0viilk,False,5,7
uuluh3n6-0.png,uuluh3n6,umhrw6,False,1,8
uv4a9chi-0.png,uv4a9chi,uutlr0clll,False,1,8
uvbv-0.png,uvbv,uvbv,True,4,4
uvt9-0.png,uvt9,uvt9,True,4,4
uwgf2-0.png,uwgf2,uwgf2,True,5,5
ux6fdl-0.png,ux6fdl,ux6fdl,True,6,6
ux72og-0.png,ux72og,rx17ll,False,1,6
uxrd-0.png,uxrd,uxrd,True,4,4
uy0bk4pi-0.png,uy0bk4pi,vy0bk4pi,False,7,8
uyj86-0.png,uyj86,uyj86,True,5,5
uykm5t-0.png,uykm5t,uykm5t,True,6,6
v0ua-0.png,v0ua,v0rxlal,False,2,4
v2j7k7ho-0.png,v2j7k7ho,u2i7k7ho,False,6,8
v2tx0x8-0.png,v2tx0x8,v2txoxe,False,5,7
v3zi7-0.png,v3zi7,v3zi7,True,5,5
v4e3y-0.png,v4e3y,aao8v,False,0,5
v4tv-0.png,v4tv,v4tv,True,4,4
v74se-0.png,v74se,v7s1se,False,2,5
v7cb2d-0.png,v7cb2d,v7cb2d,True,6,6
v8un8hi-0.png,v8un8hi,v8un8hl,False,6,7
v8zx-0.png,v8zx,vw,False,1,4
v932erc-0.png,v932erc,ug3zerc,False,4,7
v96l5-0.png,v96l5,v96l5,True,5,5
v9edw-0.png,v9edw,vkm,False,1,5
vbj0ok-0.png,vbj0ok,vijook,False,4,6
vbwmzu0-0.png,vbwmzu0,vbwmzuo,False,6,7
vclgq26-0.png,vclgq26,vclgq26,True,7,7
vcz077-0.png,vcz077,vcz077,True,6,6
vdi82kz4-0.png,vdi82kz4,vdl82kz4,False,7,8
ve47-0.png,ve47,w7,False,0,4
vecqb-0.png,vecqb,vec4b,False,4,5
vfsd9fyt-0.png,vfsd9fyt,vfsd9fyt,True,8,8
vgiqt-0.png,vgiqt,vglqi,False,3,5
vgzy-0.png,vgzy,vgzy,True,4,4
vhrnb-0.png,vhrnb,vhfnb,False,4,5
vi0d-0.png,vi0d,vi0d,True,4,4
viv1ed3y-0.png,viv1ed3y,vivled3y,False,7,8
vjcod9-0.png,vjcod9,vjc0d9,False,5,6
vkfr-0.png,vkfr,vkfr,True,4,4
vled8-0.png,vled8,vled8,True,5,5
vlsqa-0.png,vlsqa,vlsqa,True,5,5
vmubm06i-0.png,vmubm06i,oauba0ci,False,4,8
vn2pal-0.png,vn2pal,vn2pai,False,5,6
vq2rlsh-0.png,vq2rlsh,vq2rlsh,True,7,7
vq3ft7f-0.png,vq3ft7f,vq3fj7f,False,6,7
vqf8-0.png,vqf8,vqf8,True,4,4
vr1n847a-0.png,vr1n847a,yr1k847a,False,6,8
vuei18-0.png,vuei18,vuei12,False,5,6
vv4odhq6-0.png,vv4odhq6,vv4odkq6,False,7,8
vvdmc-0.png,vvdmc,vvdrt1c,False,3,5
vvloeu-0.png,vvloeu,vvloeu,True,6,6
vxtq4-0.png,vxtq4,vxtqft,False,4,5
vy4gui26-0.png,vy4gui26,vy4gui26,True,8,8
vyw3-0.png,vyw3,vyw3,True,4,4
vyxo9-0.png,vyxo9,vyxo9,True,5,5
vyzexh-0.png,vyzexh,vyzexh,True,6,6
w0brzjyz-0.png,w0brzjyz,w0brzjyz,True,8,8
w14ekvmu-0.png,w14ekvmu,w14ekvmu,True,8,8
w15fnfz7-0.png,w15fnfz7,w15fnfz7,True,8,8
w2s9-0.png,w2s9,w259,False,3,4
w34gghin-0.png,w34gghin,w34gghin,True,8,8
w3dn-0.png,w3dn,w3dn,True,4,4
w3rexsk-0.png,w3rexsk,w3nexsk,False,6,7
w3vgc-0.png,w3vgc,w3vgc,True,5,5
w4tabh-0.png,w4tabh,w4tabh,True,6,6
w4yac-0.png,w4yac,h4wcc,False,2,5
w58mucmx-0.png,w58mucmx,w58mucmx,True,8,8
w5g0-0.png,w5g0,w5eo,False,2,4
w62ri61a-0.png,w62ri61a,w62rl61o,False,6,8
w6nxw1h-0.png,w6nxw1h,w6nxw1h,True,7,7
w6w78fr-0.png,w6w78fr,w6w7dfr,False,6,7
w72p-0.png,w72p,w7v,False,2,4
w76a-0.png,w76a,w76a,True,4,4
w7na-0.png,w7na,w7r1a,False,2,4
w7txn88-0.png,w7txn88,w7txn88,True,7,7
w867z-0.png,w867z,w867z,True,5,5
w8co-0.png,w8co,w8co,True,4,4
w8mv3xv-0.png,w8mv3xv,w8mv3xv,True,7,7
w8soc-0.png,w8soc,ulsuc,False,2,5
wa4k6-0.png,wa4k6,nr4k6,False,3,5
wa7z-0.png,wa7z,wa7z,True,4,4
was6kr6h-0.png,was6kr6h,was6kr6h,True,8,8
wb609qj-0.png,wb609qj,wbe09qj,False,6,7
wbb0u83-0.png,wbb0u83,u880083,False,3,7
wbu9wu6-0.png,wbu9wu6,wbu9wu6,True,7,7
wcgxtu6-0.png,wcgxtu6,wcgxiu6,False,6,7
wchyh86-0.png,wchyh86,wchyh8g,False,6,7
wcjoxp-0.png,wcjoxp,wcj0xp,False,5,6
wcqsal-0.png,wcqsal,vchczi,False,1,6
wcv2ys-0.png,wcv2ys,wcv2ys,True,6,6
we9vdq-0.png,we9vdq,we9vdq,True,6,6
wemep-0.png,wemep,wemep,True,5,5
wf8s6x-0.png,wf8s6x,wf8s6x,True,6,6
wff13mpg-0.png,wff13mpg,wff13mpg,True,8,8
wfs6q4ag-0.png,wfs6q4ag,lfma6,False,1,8
wgow5-0.png,wgow5,wgow5,True,5,5
whgainm-0.png,whgainm,whgalnm,False,6,7
whs8wa-0.png,whs8wa,wlis8wa,False,1,6
why8ub7r-0.png,why8ub7r,whg8ub7r,False,7,8
wk80dulm-0.png,wk80dulm,wkq0ddl0,False,5,8
wkai-0.png,wkai,wkal,False,3,4
wkhbm-0.png,wkhbm,wknbm,False,4,5
wkrp0ds-0.png,wkrp0ds,wkrndds,False,5,7
wkvh-0.png,wkvh,wrqh,False,2,4
wlh7h3-0.png,wlh7h3,wl51k3,False,3,6
wlo9-0.png,wlo9,wl08,False,2,4
wlt1oo-0.png,wlt1oo,wltaoo,False,5,6
wmu-0.png,wmu,wmlu,False,2,3
wmzfebyg-0.png,wmzfebyg,mzkwg,False,0,8
wnhjh-0.png,wnhjh,wnhjh,True,5,5
wnjl3z-0.png,wnjl3z,wljl3z,False,5,6
wopik-0.png,wopik,w0pik,False,4,5
wpi8k4-0.png,wpi8k4,4pi8k4,False,5,6
wpj20-0.png,wpj20,wpj20,True,5,5
wpkvs6-0.png,wpkvs6,epvvs6,False,4,6
wpm345-0.png,wpm345,wpm345,True,6,6
wpuojf5f-0.png,wpuojf5f,wpu0jp5p,False,5,8
wq9b-0.png,wq9b,hq96,False,2,4
wqgp7308-0.png,wqgp7308,wqcp7308,False,7,8
wqhw3c-0.png,wqhw3c,wqhw3c,True,6,6
wqtt-0.png,wqtt,wqtt,True,4,4
wrs4-0.png,wrs4,wfs4,False,3,4
ws65i-0.png,ws65i,w9iil,False,1,5
ws6w-0.png,ws6w,ws6w,True,4,4
wspku-0.png,wspku,wspku,True,5,5
wu5lx-0.png,wu5lx,wu5lx,True,5,5
wupavqg8-0.png,wupavqg8,wupavqg8,True,8,8
wv2lkwna-0.png,wv2lkwna,wv28kwne,False,6,8
wvefdi-0.png,wvefdi,wvefdl,False,5,6
wvnwm-0.png,wvnwm,wvnwh,False,4,5
wwkhs2-0.png,wwkhs2,wwkhs2,True,6,6
wwm1m-0.png,wwm1m,wwmlm,False,4,5
wwnvowv2-0.png,wwnvowv2,hwnvohv2,False,6,8
wwoe2vi-0.png,wwoe2vi,ww0e2vl,False,5,7
wxw2gao-0.png,wxw2gao,wtwzz9mo,False,2,7
wybb-0.png,wybb,wybb,True,4,4
wypj-0.png,wypj,wypj,True,4,4
wz1l-0.png,wz1l,wz1l,True,4,4
wzo7j-0.png,wzo7j,wz07j,False,4,5
x1q3-0.png,x1q3,x1q3,True,4,4
x2f7mwro-0.png,x2f7mwro,x2f7mwro,True,8,8
x2hj-0.png,x2hj,x2hj,True,4,4
x2xk02p-0.png,x2xk02p,x2xk0zp,False,6,7
x31s3su-0.png,x31s3su,x31i3su,False,6,7
x46yxn7q-0.png,x46yxn7q,x46yxn7q,True,8,8
x4qqf-0.png,x4qqf,xi44f,False,2,5
x4tl-0.png,x4tl,h4il,False,2,4
x5jeo-0.png,x5jeo,x5je0,False,4,5
x61t0z-0.png,x61t0z,x6lt0z,False,5,6
x6g6ybr-0.png,x6g6ybr,x6g6ybr,True,7,7
x6i6k-0.png,x6i6k,x6zek,False,3,5
x7mkdulu-0.png,x7mkdulu,x7mkdulu,True,8,8
x8800-0.png,x8800,k8800,False,4,5
x8ob9-0.png,x8ob9,x80eg,False,2,5
x9rusb1-0.png,x9rusb1,x9rusb1,True,7,7
xag8gf-0.png,xag8gf,xag8gf,True,6,6
xeoav-0.png,xeoav,xe0av,False,4,5
xfd22z6t-0.png,xfd22z6t,kfd22z6t,False,7,8
xfrld0mj-0.png,xfrld0mj,xfrldqmv,False,6,8
xg4n0dgq-0.png,xg4n0dgq,k6tln0dsq,False,0,8
xgyfaku-0.png,xgyfaku,xgyfaku,True,7,7
xhqxfi-0.png,xhqxfi,cxhaxti,False,0,6
xjtj3i0-0.png,xjtj3i0,xjtj310,False,6,7
xk798xe-0.png,xk798xe,zk7q8xcl,False,4,7
xlanpnt-0.png,xlanpnt,xlrnpnt,False,6,7
xmur-0.png,xmur,mr,False,0,4
xpelp8-0.png,xpelp8,xpelp8,True,6,6
xptpl-0.png,xptpl,kpifl,False,2,5
xr47ewz-0.png,xr47ewz,xr47ewz,True,7,7
xteqzb6-0.png,xteqzb6,xteqzb6,True,7,7
xtzrp-0.png,xtzrp,xtzrp,True,5,5
xuiiylwp-0.png,xuiiylwp,hu1iylvlf,False,4,8
xun9-0.png,xun9,xun9,True,4,4
xvowfg-0.png,xvowfg,xv0kfg,False,4,6
xx8ncv-0.png,xx8ncv,mw,False,0,6
xxboh2p-0.png,xxboh2p,knb0nzp,False,2,7
xxgu8su-0.png,xxgu8su,xx5u85u,False,5,7
xze1h-0.png,xze1h,xze1h,True,5,5
xzrf2-0.png,xzrf2,xuk,False,1,5
y0x16c9-0.png,y0x16c9,y0x16c9,True,7,7
y1fto45-0.png,y1fto45,ytft045,False,5,7
y3ux06-0.png,y3ux06,y3ux06,True,6,6
y68r-0.png,y68r,y68r,True,4,4
y6ench2-0.png,y6ench2,y6enclz2,False,5,7
y6ttxt-0.png,y6ttxt,y6ttxt,True,6,6
y8rfhq6f-0.png,y8rfhq6f,y8rfliq6f,False,4,8
yaakp-0.png,yaakp,yaakp,True,5,5
yaavh21e-0.png,yaavh21e,yaavk71e,False,6,8
ycxb-0.png,ycxb,ycxb,True,4,4
ydrtvf9-0.png,ydrtvf9,ydrtvf9,True,7,7
ye3j8osm-0.png,ye3j8osm,4esd8o9m,False,4,8
yeak-0.png,yeak,yerk,False,3,4
yf2u99j-0.png,yf2u99j,yf2u99j,True,7,7
ygdory15-0.png,ygdory15,ygd0ry15,False,7,8
ygpv7uq-0.png,ygpv7uq,ygpv7uq,True,7,7
yj4m-0.png,yj4m,7j4m,False,3,4
yjhmfa-0.png,yjhmfa,yjhmfr,False,5,6
yjzvdy-0.png,yjzvdy,ryjzvdy,False,0,6
yk9twdv-0.png,yk9twdv,yk9twdv,True,7,7
ykhc0-0.png,ykhc0,ykhcj,False,4,5
ylk9pbpy-0.png,ylk9pbpy,glk8pbpg,False,5,8
yn7g85-0.png,yn7g85,yn7g85,True,6,6
yogyk-0.png,yogyk,yqgyk,False,4,5
yp1ye570-0.png,yp1ye570,upiues7o,False,3,8
yp838obs-0.png,yp838obs,yp838obs,True,8,8
yrrc-0.png,yrrc,yrrc,True,4,4
ys0167-0.png,ys0167,ys0167,True,6,6
yslwm6mb-0.png,yslwm6mb,yslwm6mb,True,8,8
ysy3b-0.png,ysy3b,4iy5b,False,2,5
yu7y2spi-0.png,yu7y2spi,yu7y2sp1,False,7,8
yweo-0.png,yweo,ywe0,False,3,4
yxnby-0.png,yxnby,yxnky,False,4,5
yxoc6-0.png,yxoc6,luuci,False,1,5
yyqt6-0.png,yyqt6,vy4ce,False,1,5
yzjnx5d-0.png,yzjnx5d,y2jnk5d,False,5,7
z0b8tc-0.png,z0b8tc,u8kc,False,0,6
z1stkhmn-0.png,z1stkhmn,cz1stkhm,False,0,8
z254-0.png,z254,z254,True,4,4
z2cl9-0.png,z2cl9,z2cl9,True,5,5
z2m7-0.png,z2m7,z2m7,True,4,4
z3e7z0-0.png,z3e7z0,z3e71l0,False,4,6
z3n0pput-0.png,z3n0pput,z3n0ppvt,False,7,8
z599xbz-0.png,z599xbz,z599xbz,True,7,7
z5bbtky3-0.png,z5bbtky3,z5bbtky3,True,8,8
z5k4-0.png,z5k4,z5kfl,False,3,4
z5oi-0.png,z5oi,z50l,False,2,4
z6r0-0.png,z6r0,z6r0,True,4,4
z90sk98-0.png,z90sk98,zecske8,False,4,7
z9b8bq0y-0.png,z9b8bq0y,28bbbq0y,False,5,8
zafym-0.png,zafym,zafym,True,5,5
zb7nus-0.png,zb7nus,zb7nu5,False,5,6
zbbm-0.png,zbbm,zbbm,True,4,4
zbe1-0.png,zbe1,zben,False,3,4
zbk1c-0.png,zbk1c,zbk1c,True,5,5
zcn0-0.png,zcn0,zcn0,True,4,4
zddt-0.png,zddt,zddt,True,4,4
zdoblf-0.png,zdoblf,zd0blf,False,5,6
zeivut8-0.png,zeivut8,2elv4f8,False,3,7
zek18ad0-0.png,zek18ad0,zek18ad0,True,8,8
zgudso8-0.png,zgudso8,nlgaudso6,False,0,7
zjalw-0.png,zjalw,zjalw,True,5,5
zjh8v-0.png,zjh8v,zjh8v,True,5,5
zji3-0.png,zji3,zjl3,False,3,4
zkw5-0.png,zkw5,zkw5,True,4,4
zlje-0.png,zlje,zlje,True,4,4
zn19-0.png,zn19,zn18,False,3,4
zngqboe9-0.png,zngqboe9,angq80e9,False,5,8
zp29-0.png,zp29,zp29,True,4,4
zrfa0m0j-0.png,zrfa0m0j,zllfnllnlllal,False,1,8
zsauik50-0.png,zsauik50,zsauik5o,False,7,8
zsjflk-0.png,zsjflk,zsjflvk,False,5,6
zswopu-0.png,zswopu,zsw0pu,False,5,6
zszdczic-0.png,zszdczic,z5zdczlc,False,6,8
zu5zt-0.png,zu5zt,zu5zt,True,5,5
zumj-0.png,zumj,zumj,True,4,4
zv4bz0n-0.png,zv4bz0n,zv4bz0n,True,7,7
zwc9imu-0.png,zwc9imu,zwc9imu,True,7,7
zwjhgwvj-0.png,zwjhgwvj,zwjtigwvj,False,3,8
zwya13o-0.png,zwya13o,zwya73o,False,6,7
zxhl2v8-0.png,zxhl2v8,zxhl2v8,True,7,7
zxqlq-0.png,zxqlq,zxqlq,True,5,5
zztd6-0.png,zztd6,zztd6,True,5,5
